company,company_id,exchange,ticker,industry,market_cap,market_cap_date,company_url,revenue,revenue_date
Honda,Q9584,New York Stock Exchange,HMC,industrial manufacturing,,,http://www.wikidata.org/entity/Q9584,14950000000000.0,2022-01-01 00:00:00+00:00
Nissan,Q20165,Nasdaq,NSANY,automotive industry,,,http://www.wikidata.org/entity/Q20165,11951169000000.0,2018-01-01 00:00:00+00:00
Itochu,Q717093,Nasdaq,ITOCY,trade,,,http://www.wikidata.org/entity/Q717093,10362628000000.0,2021-01-01 00:00:00+00:00
Sony Group,Q41187,New York Stock Exchange,SONY,video game industry,137300000000.0,2022-02-01 00:00:00+00:00,http://www.wikidata.org/entity/Q41187,7252766000000.0,2021-03-31 00:00:00+00:00
NTT DoCoMo,Q853958,New York Stock Exchange,DCM,telecommunications,,,http://www.wikidata.org/entity/Q853958,6140000000000.0,2023-01-01 00:00:00+00:00
Canon Inc.,Q62621,New York Stock Exchange,CAJ,electronics,,,http://www.wikidata.org/entity/Q62621,3401000000000.0,2016-01-01 00:00:00+00:00
Micro Focus International,Q1931458,New York Stock Exchange,MFGP,information technology,,,http://www.wikidata.org/entity/Q1931458,3000000000000.0,2021-01-01 00:00:00+00:00
Sinopec,Q831445,New York Stock Exchange,SNP,petroleum industry,,,http://www.wikidata.org/entity/Q831445,2742779810000.0,2018-01-01 00:00:00+00:00
PetroChina Company Limited,Q503182,New York Stock Exchange,PTR,petroleum industry,,,http://www.wikidata.org/entity/Q503182,1725428000000.0,2015-01-01 00:00:00+00:00
TSMC,Q713418,New York Stock Exchange,TSM,semiconductor industry,895821000000.0,2025-05-01 00:00:00+00:00,http://www.wikidata.org/entity/Q713418,1587415037000.0,2021-01-01 00:00:00+00:00
Nomura Group,Q658089,New York Stock Exchange,NMR,,,,http://www.wikidata.org/entity/Q658089,1385492000000.0,2010-01-01 00:00:00+00:00
América Móvil,Q482267,New York Stock Exchange,AMX,telecommunications,,,http://www.wikidata.org/entity/Q482267,816012844000.0,2023-12-31 00:00:00+00:00
América Móvil,Q482267,Nasdaq,AMOV,telecommunications,,,http://www.wikidata.org/entity/Q482267,816012844000.0,2023-12-31 00:00:00+00:00
Mobile TeleSystems,Q1368919,New York Stock Exchange,MBT,telecommunications,430000000000.0,2025-01-01 00:00:00+00:00,http://www.wikidata.org/entity/Q1368919,807186000000.0,2025-01-01 00:00:00+00:00
Mobile TeleSystems,Q1368919,Nasdaq,MBT,telecommunications,430000000000.0,2025-01-01 00:00:00+00:00,http://www.wikidata.org/entity/Q1368919,807186000000.0,2025-01-01 00:00:00+00:00
China Life Insurance Company,Q1073306,New York Stock Exchange,LFC,insurance industry,,,http://www.wikidata.org/entity/Q1073306,768438310000.0,2018-01-01 00:00:00+00:00
Walmart,Q483551,Nasdaq,WMT,retail,779367000000.0,2025-05-01 00:00:00+00:00,http://www.wikidata.org/entity/Q483551,680985000000.0,2024-01-01 00:00:00+00:00
Amazon,Q3884,Nasdaq,AMZN,retail,2018000000000.0,2025-05-01 00:00:00+00:00,http://www.wikidata.org/entity/Q3884,637959000000.0,2024-01-01 00:00:00+00:00
JD.com,Q3598926,Nasdaq,JD,e-commerce,,,http://www.wikidata.org/entity/Q3598926,462019760000.0,2018-01-01 00:00:00+00:00
China Telecommunications Corporation,Q1073540,New York Stock Exchange,CHA,terrestrial television,,,http://www.wikidata.org/entity/Q1073540,454492060000.0,2018-01-01 00:00:00+00:00
Ozon,Q2365235,Nasdaq,OZON,retail,,,http://www.wikidata.org/entity/Q2365235,424291000000.0,2023-01-01 00:00:00+00:00
Apple Inc.,Q312,Nasdaq,AAPL,digital distribution,3205000000000.0,2025-05-01 00:00:00+00:00,http://www.wikidata.org/entity/Q312,416161000000.0,2025-01-01 00:00:00+00:00
Toyota,Q53268,New York Stock Exchange,TM,automotive industry,249042000000.0,2025-05-01 00:00:00+00:00,http://www.wikidata.org/entity/Q53268,410890000000.0,2024-01-01 00:00:00+00:00
Alphabet Inc.,Q20800404,Nasdaq,GOOG,information technology,1961000000000.0,2025-05-01 00:00:00+00:00,http://www.wikidata.org/entity/Q20800404,402836000000.0,2025-01-01 00:00:00+00:00
UnitedHealth Group,Q2103926,New York Stock Exchange,UNH,health insurance company,,,http://www.wikidata.org/entity/Q2103926,400278000000.0,2024-01-01 00:00:00+00:00
CVS Health,Q624375,New York Stock Exchange,CVS,retail,123000000000.0,2021-11-22 00:00:00+00:00,http://www.wikidata.org/entity/Q624375,372809000000.0,2024-01-01 00:00:00+00:00
Berkshire Hathaway,Q217583,New York Stock Exchange,BRK.A,insurance,65050000000.0,2021-08-26 00:00:00+00:00,http://www.wikidata.org/entity/Q217583,371433000000.0,2024-01-01 00:00:00+00:00
ExxonMobil,Q156238,New York Stock Exchange,XOM,petroleum industry,474414000000.0,2025-08-22 00:00:00+00:00,http://www.wikidata.org/entity/Q156238,349585000000.0,2024-01-01 00:00:00+00:00
Shell,Q154950,New York Stock Exchange,RDS.B,petroleum industry,,,http://www.wikidata.org/entity/Q154950,316620000000.0,2023-01-01 00:00:00+00:00
Novo Nordisk,Q818846,New York Stock Exchange,NVO,pharmaceutical industry,1240000000000.0,2026-01-01 00:00:00+00:00,http://www.wikidata.org/entity/Q818846,309064000000.0,2025-01-01 00:00:00+00:00
China Unicom,Q1068485,New York Stock Exchange,CHU,telecommunications,,,http://www.wikidata.org/entity/Q1068485,292185290000.0,2018-01-01 00:00:00+00:00
Mechel,Q1915579,New York Stock Exchange,MTL,iron and steel industry,,,http://www.wikidata.org/entity/Q1915579,286977000000.0,2025-01-01 00:00:00+00:00
Microsoft,Q2283,Nasdaq,MSFT,software development,3162000000000.0,2025-05-01 00:00:00+00:00,http://www.wikidata.org/entity/Q2283,281724000000.0,2025-01-01 00:00:00+00:00
Costco,Q715583,Nasdaq,COST,retail,225200000000.0,2023-02-21 00:00:00+00:00,http://www.wikidata.org/entity/Q715583,275235000000.0,2025-01-01 00:00:00+00:00
McKesson Corporation,Q570473,New York Stock Exchange,MCK,product distribution,,,http://www.wikidata.org/entity/Q570473,263966000000.0,2022-01-01 00:00:00+00:00
Cencora,Q470156,New York Stock Exchange,ABC,pharmaceutical industry,,,http://www.wikidata.org/entity/Q470156,238587006000.0,2022-01-01 00:00:00+00:00
Nvidia,Q182477,Nasdaq,NVDA,semiconductor industry,4752000000000.0,2026-02-25 00:00:00+00:00,http://www.wikidata.org/entity/Q182477,215938000000.0,2025-01-01 00:00:00+00:00
TotalEnergies,Q154037,New York Stock Exchange,TTE,petroleum industry,128000000000.0,2024-12-31 00:00:00+00:00,http://www.wikidata.org/entity/Q154037,214550000000.0,2024-01-01 00:00:00+00:00
Chevron Corporation,Q319642,New York Stock Exchange,CVX,petroleum industry,,,http://www.wikidata.org/entity/Q319642,202792000000.0,2024-01-01 00:00:00+00:00
Meta Platforms,Q380,Nasdaq,META,information technology,1445000000000.0,2025-05-01 00:00:00+00:00,http://www.wikidata.org/entity/Q380,200966000000.0,2025-01-01 00:00:00+00:00
BP,Q152057,New York Stock Exchange,BP,petroleum industry,,,http://www.wikidata.org/entity/Q152057,194630000000.0,2024-01-01 00:00:00+00:00
Stellantis,Q97439162,New York Stock Exchange,STLA,automotive industry,27806000000.0,2025-05-01 00:00:00+00:00,http://www.wikidata.org/entity/Q97439162,189544000000.0,2023-01-01 00:00:00+00:00
Cardinal Health,Q902397,New York Stock Exchange,CAH,health care,,,http://www.wikidata.org/entity/Q902397,181364000000.0,2022-01-01 00:00:00+00:00
JPMorgan Chase,Q192314,New York Stock Exchange,JPM,economics of banking,686132000000.0,2025-05-01 00:00:00+00:00,http://www.wikidata.org/entity/Q192314,177556000000.0,2024-01-01 00:00:00+00:00
Marathon Petroleum,Q458363,New York Stock Exchange,MPC,petroleum industry,,,http://www.wikidata.org/entity/Q458363,177453000000.0,2022-01-01 00:00:00+00:00
Valero Energy,Q1283291,New York Stock Exchange,VLO,petroleum industry,,,http://www.wikidata.org/entity/Q1283291,176383000000.0,2022-01-01 00:00:00+00:00
Ford Motor Company,Q44294,New York Stock Exchange,F,automotive industry,40481000000.0,2025-05-01 00:00:00+00:00,http://www.wikidata.org/entity/Q44294,176191000000.0,2023-01-01 00:00:00+00:00
Phillips 66,Q1656230,New York Stock Exchange,PSX,petroleum industry,,,http://www.wikidata.org/entity/Q1656230,175702000000.0,2022-01-01 00:00:00+00:00
The Cigna Group,Q642271,New York Stock Exchange,CI,managed care,,,http://www.wikidata.org/entity/Q642271,174078000000.0,2021-01-01 00:00:00+00:00
DiDi Global,Q113153195,New York Stock Exchange,DIDI,transport industry,,,http://www.wikidata.org/entity/Q113153195,173827000000.0,2021-01-01 00:00:00+00:00
The Home Depot,Q864407,New York Stock Exchange,HD,retail,285920000000.0,2020-01-01 00:00:00+00:00,http://www.wikidata.org/entity/Q864407,159514000000.0,2024-01-01 00:00:00+00:00
General Motors,Q81965,New York Stock Exchange,GM,automotive industry,43531000000.0,2025-05-01 00:00:00+00:00,http://www.wikidata.org/entity/Q81965,156735000000.0,2022-01-01 00:00:00+00:00
Elevance Health,Q677488,New York Stock Exchange,ELV,health insurance,,,http://www.wikidata.org/entity/Q677488,156595000000.0,2022-01-01 00:00:00+00:00
Kroger,Q153417,New York Stock Exchange,KR,retail,,,http://www.wikidata.org/entity/Q153417,148258000000.0,2022-01-01 00:00:00+00:00
Mercedes-Benz Group,Q27530,New York Stock Exchange,,automotive industry,,,http://www.wikidata.org/entity/Q27530,145594000000.0,2024-12-31 00:00:00+00:00
Centene Corporation,Q5059102,New York Stock Exchange,CNC,health care,,,http://www.wikidata.org/entity/Q5059102,144547000000.0,2022-01-01 00:00:00+00:00
BMW Group,Q26678,Nasdaq,BMWYY,automotive industry,59907000000.0,2019-01-01 00:00:00+00:00,http://www.wikidata.org/entity/Q26678,142380000000.0,2024-01-01 00:00:00+00:00
Alibaba Group,Q1359568,New York Stock Exchange,BABA,e-commerce,657500000000.0,2022-02-01 00:00:00+00:00,http://www.wikidata.org/entity/Q1359568,137300000000.0,2024-01-01 00:00:00+00:00
Verizon Communications,Q467752,Nasdaq,VZ,telecommunications,232130000000.0,2021-06-24 00:00:00+00:00,http://www.wikidata.org/entity/Q467752,134788000000.0,2024-01-01 00:00:00+00:00
Verizon Communications,Q467752,New York Stock Exchange,VZ,telecommunications,232130000000.0,2021-06-24 00:00:00+00:00,http://www.wikidata.org/entity/Q467752,134788000000.0,2024-01-01 00:00:00+00:00
Walgreens Boots Alliance,Q18712620,Nasdaq,WBA,retail,,,http://www.wikidata.org/entity/Q18712620,132703000000.0,2022-01-01 00:00:00+00:00
Li Auto,Q98139925,Nasdaq,LI,automotive industry,,,http://www.wikidata.org/entity/Q98139925,123851332000.0,2023-01-01 00:00:00+00:00
Comcast,Q1113804,Nasdaq,CMCSA,telecommunications,,,http://www.wikidata.org/entity/Q1113804,123731000000.0,2024-01-01 00:00:00+00:00
AT&T,Q35476,New York Stock Exchange,T,telecommunications,180020000000.0,2022-01-31 00:00:00+00:00,http://www.wikidata.org/entity/Q35476,122336000000.0,2024-01-01 00:00:00+00:00
Deutsche Telekom,Q9396,New York Stock Exchange,,telecommunications,76500000000.0,2016-12-31 00:00:00+00:00,http://www.wikidata.org/entity/Q9396,115769000000.0,2024-12-31 00:00:00+00:00
Huaneng Power International,Q1507642,New York Stock Exchange,HNP,electric power industry,,,http://www.wikidata.org/entity/Q1507642,113814236000.0,2016-01-01 00:00:00+00:00
Target Corporation,Q1046951,New York Stock Exchange,TGT,retail,,,http://www.wikidata.org/entity/Q1046951,109120000000.0,2022-01-01 00:00:00+00:00
Fiat Chrysler Automobiles,Q15678788,New York Stock Exchange,FCAU,automotive industry,,,http://www.wikidata.org/entity/Q15678788,108000000000.0,2019-01-01 00:00:00+00:00
Equinor ASA,Q1776022,New York Stock Exchange,EQNR,petroleum industry,98810000000.0,2023-02-01 00:00:00+00:00,http://www.wikidata.org/entity/Q1776022,103770000000.0,2024-01-01 00:00:00+00:00
Dell Inc.,Q30873,New York Stock Exchange,DELL,software industry,57000000000.0,2021-01-01 00:00:00+00:00,http://www.wikidata.org/entity/Q30873,102301000000.0,2022-01-01 00:00:00+00:00
Bank of America,Q487907,New York Stock Exchange,BAC,financial services,265840000000.0,2023-01-01 00:00:00+00:00,http://www.wikidata.org/entity/Q487907,101887000000.0,2024-01-01 00:00:00+00:00
Archer Daniels Midland,Q632694,New York Stock Exchange,ADM,food processing,,,http://www.wikidata.org/entity/Q632694,101556000000.0,2022-01-01 00:00:00+00:00
Enron,Q327646,New York Stock Exchange,ENE,energy industry,,,http://www.wikidata.org/entity/Q327646,100789000000.0,2000-01-01 00:00:00+00:00
Lowe's,Q1373493,New York Stock Exchange,LOW,hardware store,,,http://www.wikidata.org/entity/Q1373493,97059000000.0,2022-01-01 00:00:00+00:00
Tesla,Q478214,Nasdaq,TSLA,automotive industry,903544000000.0,2025-05-01 00:00:00+00:00,http://www.wikidata.org/entity/Q478214,94827000000.0,2025-01-01 00:00:00+00:00
FedEx,Q459477,New York Stock Exchange,FDX,logistics,,,http://www.wikidata.org/entity/Q459477,93512000000.0,2022-01-01 00:00:00+00:00
Humana,Q910866,New York Stock Exchange,HUM,insurance industry,33600000000.0,2017-06-21 00:00:00+00:00,http://www.wikidata.org/entity/Q910866,92870000000.0,2022-01-01 00:00:00+00:00
PepsiCo,Q334800,New York Stock Exchange,PEP,food industry,183670000000.0,2025-05-01 00:00:00+00:00,http://www.wikidata.org/entity/Q334800,91854000000.0,2024-01-01 00:00:00+00:00
United Parcel Service,Q155026,New York Stock Exchange,UPS,logistics,,,http://www.wikidata.org/entity/Q155026,91070000000.0,2024-01-01 00:00:00+00:00
Energy Transfer Equity,Q5376999,New York Stock Exchange,ET,energy industry,,,http://www.wikidata.org/entity/Q5376999,89876000000.0,2022-01-01 00:00:00+00:00
Petrobras,Q210047,New York Stock Exchange,PBR,petroleum industry,,,http://www.wikidata.org/entity/Q210047,88827000000.0,2018-04-15 00:00:00+00:00
Johnson & Johnson,Q333718,New York Stock Exchange,JNJ,pharmaceutical industry,430880000000.0,2021-06-23 00:00:00+00:00,http://www.wikidata.org/entity/Q333718,88821000000.0,2024-01-01 00:00:00+00:00
Procter & Gamble,Q212405,New York Stock Exchange,PG,pharmaceutical industry,,,http://www.wikidata.org/entity/Q212405,84284000000.0,2025-01-01 00:00:00+00:00
The Walt Disney Company,Q7414,New York Stock Exchange,DIS,animation,,,http://www.wikidata.org/entity/Q7414,82722000000.0,2022-01-01 00:00:00+00:00
Energy Transfer,Q5377000,New York Stock Exchange,ETP,petroleum industry,,,http://www.wikidata.org/entity/Q5377000,82671000000.0,2024-01-01 00:00:00+00:00
Wells Fargo,Q744149,New York Stock Exchange,WFC,economics of banking,243673000000.0,2025-05-12 00:00:00+00:00,http://www.wikidata.org/entity/Q744149,82296000000.0,2024-01-01 00:00:00+00:00
Eni,Q565594,New York Stock Exchange,E,petroleum industry,,,http://www.wikidata.org/entity/Q565594,82151000000.0,2025-01-01 00:00:00+00:00
T-Mobile US,Q3511885,Nasdaq,TMUS,telecommunications,,,http://www.wikidata.org/entity/Q3511885,81400000000.0,2024-01-01 00:00:00+00:00
Citigroup,Q219508,New York Stock Exchange,C,bank,141873000000.0,2025-05-16 00:00:00+00:00,http://www.wikidata.org/entity/Q219508,81139000000.0,2024-01-01 00:00:00+00:00
RTX,Q89368734,New York Stock Exchange,RTX,weapons industry,,,http://www.wikidata.org/entity/Q89368734,80738000000.0,2024-01-01 00:00:00+00:00
ISS A/S,Q689791,Nasdaq,,facility management,,,http://www.wikidata.org/entity/Q689791,79137000000.0,2016-01-01 00:00:00+00:00
Siemens,Q81230,New York Stock Exchange,SI,electronics,139800000000.0,2021-08-24 00:00:00+00:00,http://www.wikidata.org/entity/Q81230,77769000000.0,2023-01-01 00:00:00+00:00
Albertsons,Q2831861,New York Stock Exchange,ACI,retail,,,http://www.wikidata.org/entity/Q2831861,77649700000.0,2022-01-01 00:00:00+00:00
General Electric,Q54173,New York Stock Exchange,GE,mechanical engineering,114920000000.0,2021-08-26 00:00:00+00:00,http://www.wikidata.org/entity/Q54173,76555000000.0,2022-01-01 00:00:00+00:00
Progressive Corporation,Q7248721,New York Stock Exchange,PGR,vehicle insurance,,,http://www.wikidata.org/entity/Q7248721,75372000000.0,2024-01-01 00:00:00+00:00
Lockheed Martin,Q7240,New York Stock Exchange,LMT,information security,111424000000.0,2025-05-01 00:00:00+00:00,http://www.wikidata.org/entity/Q7240,71043000000.0,2024-01-01 00:00:00+00:00
MetLife,Q607131,New York Stock Exchange,MET,insurance industry,,,http://www.wikidata.org/entity/Q607131,69898000000.0,2022-01-01 00:00:00+00:00
Accenture,Q338825,New York Stock Exchange,ACN,information technology,151580000000.0,2025-10-01 00:00:00+00:00,http://www.wikidata.org/entity/Q338825,69672977000.0,2025-01-01 00:00:00+00:00
Sysco,Q2376711,New York Stock Exchange,SYY,wholesale,,,http://www.wikidata.org/entity/Q2376711,68636146000.0,2022-01-01 00:00:00+00:00
Walgreens,Q1591889,New York Stock Exchange,WAG,retail,,,http://www.wikidata.org/entity/Q1591889,67420000000.0,2010-01-01 00:00:00+00:00
Bunge Limited,Q1009458,New York Stock Exchange,BG,food industry,,,http://www.wikidata.org/entity/Q1009458,67232000000.0,2022-01-01 00:00:00+00:00
Boeing,Q66,New York Stock Exchange,BA,weapons industry,180913000000.0,2026-02-26 00:00:00+00:00,http://www.wikidata.org/entity/Q66,66517000000.0,2024-01-01 00:00:00+00:00
Merck & Co.,Q247489,New York Stock Exchange,MRK,pharmaceutical industry,178400000000.0,2017-01-01 00:00:00+00:00,http://www.wikidata.org/entity/Q247489,64168000000.0,2024-01-01 00:00:00+00:00
Pfizer,Q206921,New York Stock Exchange,PFE,pharmaceutical industry,128489000000.0,2025-05-15 00:00:00+00:00,http://www.wikidata.org/entity/Q206921,63627000000.0,2024-01-01 00:00:00+00:00
IBM,Q37156,New York Stock Exchange,IBM,software industry,282084000000.0,2025-12-02 00:00:00+00:00,http://www.wikidata.org/entity/Q37156,62753000000.0,2024-01-01 00:00:00+00:00
ArcelorMittal,Q27893,New York Stock Exchange,MT,mining industry,21950000000.0,2022-12-29 00:00:00+00:00,http://www.wikidata.org/entity/Q27893,62441000000.0,2024-01-01 00:00:00+00:00
HSBC,Q190464,New York Stock Exchange,HSBC,insurance,185400000000.0,2018-08-12 00:00:00+00:00,http://www.wikidata.org/entity/Q190464,62440000000.0,2024-01-01 00:00:00+00:00
Morgan Stanley,Q334204,New York Stock Exchange,MS,financial services,,,http://www.wikidata.org/entity/Q334204,61761000000.0,2024-01-01 00:00:00+00:00
Delta Air Lines,Q188920,New York Stock Exchange,DAL,aviation,32580000000.0,2019-01-24 00:00:00+00:00,http://www.wikidata.org/entity/Q188920,61643000000.0,2024-01-01 00:00:00+00:00
HCA Corporation,Q1630431,New York Stock Exchange,HCA,health care,,,http://www.wikidata.org/entity/Q1630431,60233000000.0,2022-01-01 00:00:00+00:00
Korea Electric Power Corporation,Q486737,New York Stock Exchange,KEP,electricity supply company,,,http://www.wikidata.org/entity/Q486737,60190384000.0,2016-01-01 00:00:00+00:00
Unilever,Q157062,New York Stock Exchange,UL,food industry,,,http://www.wikidata.org/entity/Q157062,60073000000.0,2022-01-01 00:00:00+00:00
Prudential Financial,Q2114414,New York Stock Exchange,PRU,life insurance,,,http://www.wikidata.org/entity/Q2114414,60050000000.0,2022-01-01 00:00:00+00:00
Caterpillar,Q459965,New York Stock Exchange,CAT,mechanical engineering,75000000000.0,2018-04-13 00:00:00+00:00,http://www.wikidata.org/entity/Q459965,59427000000.0,2022-01-01 00:00:00+00:00
Enterprise Products,Q5380346,New York Stock Exchange,EPD,petroleum industry,,,http://www.wikidata.org/entity/Q5380346,58186000000.0,2022-01-01 00:00:00+00:00
AbbVie,Q14662364,New York Stock Exchange,ABBV,biotechnology,,,http://www.wikidata.org/entity/Q14662364,58054000000.0,2022-01-01 00:00:00+00:00
Anheuser-Busch InBev,Q128738,New York Stock Exchange,BUD,brewing industry,,,http://www.wikidata.org/entity/Q128738,57786000000.0,2022-01-01 00:00:00+00:00
Oracle Corporation,Q19900,New York Stock Exchange,ORCL,software development,216730000000.0,2022-02-01 00:00:00+00:00,http://www.wikidata.org/entity/Q19900,57399000000.0,2024-01-01 00:00:00+00:00
Oracle Corporation,Q19900,Nasdaq,ORCL,software development,216730000000.0,2022-02-01 00:00:00+00:00,http://www.wikidata.org/entity/Q19900,57399000000.0,2024-01-01 00:00:00+00:00
Dow Inc.,Q62739842,New York Stock Exchange,DOW,chemical industry,,,http://www.wikidata.org/entity/Q62739842,56902000000.0,2022-01-01 00:00:00+00:00
Cisco,Q173395,Nasdaq,CSCO,telecommunications,234790000000.0,2022-02-01 00:00:00+00:00,http://www.wikidata.org/entity/Q173395,56654000000.0,2025-01-01 00:00:00+00:00
American International Group,Q212235,New York Stock Exchange,AIG,financial services,,,http://www.wikidata.org/entity/Q212235,56437000000.0,2022-01-01 00:00:00+00:00
Chubb Corp.,Q1089060,New York Stock Exchange,CB,insurance,,,http://www.wikidata.org/entity/Q1089060,55753000000.0,2024-01-01 00:00:00+00:00
Dow Chemical Company,Q855639,New York Stock Exchange,DOW,chemical industry,,,http://www.wikidata.org/entity/Q855639,54968000000.0,2021-01-01 00:00:00+00:00
ConocoPhillips,Q214763,New York Stock Exchange,COP,petroleum industry,,,http://www.wikidata.org/entity/Q214763,54745000000.0,2024-01-01 00:00:00+00:00
Tyson Foods,Q1325987,New York Stock Exchange,TSN,agriculture,,,http://www.wikidata.org/entity/Q1325987,54400000000.0,2025-01-01 00:00:00+00:00
Charter Communications,Q2961234,Nasdaq,CHTR,telecommunications,,,http://www.wikidata.org/entity/Q2961234,54022000000.0,2022-01-01 00:00:00+00:00
PDD Holdings,Q124461238,New York Stock Exchange,PDD,e-commerce,,,http://www.wikidata.org/entity/Q124461238,53955324000.0,2024-01-01 00:00:00+00:00
Hewlett-Packard,Q80978,New York Stock Exchange,HPQ,software industry,29000000000.0,2017-07-08 00:00:00+00:00,http://www.wikidata.org/entity/Q80978,53559000000.0,2024-01-01 00:00:00+00:00
HP Inc.,Q21404084,New York Stock Exchange,HPQ,software industry,29000000000.0,2017-07-08 00:00:00+00:00,http://www.wikidata.org/entity/Q21404084,53559000000.0,2024-01-01 00:00:00+00:00
Goldman Sachs,Q193326,New York Stock Exchange,GS,International Standard Industrial Classification,91700000000.0,2017-02-02 00:00:00+00:00,http://www.wikidata.org/entity/Q193326,53512000000.0,2024-01-01 00:00:00+00:00
Intel,Q248,Nasdaq,INTC,electrical industry,183400000000.0,2022-02-18 00:00:00+00:00,http://www.wikidata.org/entity/Q248,52853000000.0,2025-01-01 00:00:00+00:00
American Airlines Group,Q4742937,Nasdaq,AAL,aviation,,,http://www.wikidata.org/entity/Q4742937,52800000000.0,2023-01-01 00:00:00+00:00
Deere & Company,Q496302,New York Stock Exchange,DE,manufacture of machinery and equipment,,,http://www.wikidata.org/entity/Q496302,51716000000.0,2024-01-01 00:00:00+00:00
Allstate,Q2645636,New York Stock Exchange,ALL,insurance,,,http://www.wikidata.org/entity/Q2645636,51412000000.0,2022-01-01 00:00:00+00:00
Itaú Unibanco,Q1424293,New York Stock Exchange,ITUB,economics of banking,,,http://www.wikidata.org/entity/Q1424293,50920000000.0,2016-01-01 00:00:00+00:00
LyondellBasell,Q899255,New York Stock Exchange,LYB,,,,http://www.wikidata.org/entity/Q899255,50451000000.0,2022-01-01 00:00:00+00:00
TJX Companies,Q1285819,New York Stock Exchange,TJX,retail,,,http://www.wikidata.org/entity/Q1285819,49936000000.0,2022-01-01 00:00:00+00:00
CNOOC Limited,Q795221,New York Stock Exchange,CEO,,,,http://www.wikidata.org/entity/Q795221,49800000000.0,2024-01-01 00:00:00+00:00
The Coca-Cola Company,Q3295867,New York Stock Exchange,KO,fast-moving consumer goods,,,http://www.wikidata.org/entity/Q3295867,47061000000.0,2024-01-01 00:00:00+00:00
PBF Energy,Q16979157,New York Stock Exchange,PBF,petroleum industry,,,http://www.wikidata.org/entity/Q16979157,46830300000.0,2022-01-01 00:00:00+00:00
Nike,Q483915,New York Stock Exchange,NKE,industrial sector,83777000000.0,2025-05-01 00:00:00+00:00,http://www.wikidata.org/entity/Q483915,46710000000.0,2022-01-01 00:00:00+00:00
Best Buy,Q533415,New York Stock Exchange,BBY,retail,,,http://www.wikidata.org/entity/Q533415,46298000000.0,2022-01-01 00:00:00+00:00
Bristol-Myers Squibb,Q266423,New York Stock Exchange,BMY,pharmaceutical industry,,,http://www.wikidata.org/entity/Q266423,46159000000.0,2022-01-01 00:00:00+00:00
Veolia,Q1632461,New York Stock Exchange,VE,waste management,,,http://www.wikidata.org/entity/Q1632461,45351000000.0,2023-01-01 00:00:00+00:00
"Netflix, Inc.",Q116452644,Nasdaq,NFLX,streaming media,170640000000.0,2022-01-31 00:00:00+00:00,http://www.wikidata.org/entity/Q116452644,45183036000.0,2025-01-01 00:00:00+00:00
Eli Lilly and Company,Q632240,New York Stock Exchange,LLY,pharmaceutical industry,713093000000.0,2025-05-01 00:00:00+00:00,http://www.wikidata.org/entity/Q632240,45042700000.0,2024-01-01 00:00:00+00:00
United Airlines Holdings,Q871700,New York Stock Exchange,UAL,air transport,,,http://www.wikidata.org/entity/Q871700,44955000000.0,2022-01-01 00:00:00+00:00
WarnerMedia,Q191715,New York Stock Exchange,TWX,telecommunications,74530000000.0,2017-01-01 00:00:00+00:00,http://www.wikidata.org/entity/Q191715,44700000000.0,2006-01-01 00:00:00+00:00
Qualcomm,Q544847,Nasdaq,QCOM,telecommunications,188930000000.0,2022-02-18 00:00:00+00:00,http://www.wikidata.org/entity/Q544847,44284000000.0,2025-01-01 00:00:00+00:00
Orange,Q1431486,Nasdaq,ORAN,,26526000000.0,2023-02-15 00:00:00+00:00,http://www.wikidata.org/entity/Q1431486,44122000000.0,2023-01-01 00:00:00+00:00
Orange,Q1431486,New York Stock Exchange,ORAN,,26526000000.0,2023-02-15 00:00:00+00:00,http://www.wikidata.org/entity/Q1431486,44122000000.0,2023-01-01 00:00:00+00:00
Uber,Q780442,New York Stock Exchange,UBER,information technology,189063000000.0,2025-05-15 00:00:00+00:00,http://www.wikidata.org/entity/Q780442,43978000000.0,2024-01-01 00:00:00+00:00
Vodafone,Q122141,Nasdaq,VOD,telecommunications,49958000000.0,2022-02-22 00:00:00+00:00,http://www.wikidata.org/entity/Q122141,43809000000.0,2021-03-31 00:00:00+00:00
Vodafone,Q122141,New York Stock Exchange,,telecommunications,49958000000.0,2022-02-22 00:00:00+00:00,http://www.wikidata.org/entity/Q122141,43809000000.0,2021-03-31 00:00:00+00:00
BHP,Q625713,New York Stock Exchange,BHP,mining,106091040200.0,2021-11-18 00:00:00+00:00,http://www.wikidata.org/entity/Q625713,43638000000.0,2018-01-01 00:00:00+00:00
Sanofi,Q158205,New York Stock Exchange,SNY,pharmaceutical industry,,,http://www.wikidata.org/entity/Q158205,43070000000.0,2023-01-01 00:00:00+00:00
Kohlberg Kravis Roberts,Q1570773,New York Stock Exchange,KKR,asset management,,,http://www.wikidata.org/entity/Q1570773,42300000000.0,2020-01-01 00:00:00+00:00
Plains All American Pipeline,Q7200719,New York Stock Exchange,,petroleum industry,,,http://www.wikidata.org/entity/Q7200719,42078000000.0,2021-01-01 00:00:00+00:00
Abbott Laboratories,Q306764,New York Stock Exchange,ABT,medical technology industry,57000000000.0,2016-03-02 00:00:00+00:00,http://www.wikidata.org/entity/Q306764,41950000000.0,2024-01-01 00:00:00+00:00
Nucor,Q1645081,New York Stock Exchange,NUE,iron and steel industry,27600000000.0,2025-05-01 00:00:00+00:00,http://www.wikidata.org/entity/Q1645081,41512467000.0,2022-01-01 00:00:00+00:00
Northrop Grumman Corporation,Q329953,New York Stock Exchange,NOC,shipbuilding,100425000000.0,2026-02-26 00:00:00+00:00,http://www.wikidata.org/entity/Q329953,41033000000.0,2024-01-01 00:00:00+00:00
StoneX,Q1666331,Nasdaq,SNEX,financial services,,,http://www.wikidata.org/entity/Q1666331,40961600000.0,2021-01-01 00:00:00+00:00
XPeng,Q63035278,New York Stock Exchange,XPEV,automotive industry,,,http://www.wikidata.org/entity/Q63035278,40866309000.0,2024-01-01 00:00:00+00:00
Telefónica,Q160229,New York Stock Exchange,TEF,telecommunications,22390000000.0,2025-01-23 00:00:00+00:00,http://www.wikidata.org/entity/Q160229,40652000000.0,2023-01-01 00:00:00+00:00
Qiwi,Q4047736,Nasdaq,QIWI,,,,http://www.wikidata.org/entity/Q4047736,40622000000.0,2020-01-01 00:00:00+00:00
Visa,Q328840,New York Stock Exchange,V,financial services,657727000000.0,2025-05-01 00:00:00+00:00,http://www.wikidata.org/entity/Q328840,40000000000.0,2025-01-01 00:00:00+00:00
General Dynamics,Q502940,New York Stock Exchange,GD,mechanical engineering,92782000000.0,2026-02-26 00:00:00+00:00,http://www.wikidata.org/entity/Q502940,39407000000.0,2022-01-01 00:00:00+00:00
Thermo Fisher Scientific,Q643674,New York Stock Exchange,TMO,biotechnology industry,,,http://www.wikidata.org/entity/Q643674,39211000000.0,2021-01-01 00:00:00+00:00
American Express,Q194360,New York Stock Exchange,AXP,financial services,118000000000.0,2022-08-05 00:00:00+00:00,http://www.wikidata.org/entity/Q194360,38825000000.0,2024-01-01 00:00:00+00:00
CHS Inc.,Q5011381,Nasdaq,CHSCP,food industry,,,http://www.wikidata.org/entity/Q5011381,38448033000.0,2021-01-01 00:00:00+00:00
HF Sinclair,Q5881864,New York Stock Exchange,HFC,petroleum industry,,,http://www.wikidata.org/entity/Q5881864,38204839000.0,2022-01-01 00:00:00+00:00
Salesforce,Q941127,New York Stock Exchange,CRM,analytics,,,http://www.wikidata.org/entity/Q941127,37895000000.0,2024-01-01 00:00:00+00:00
Dollar General,Q145168,New York Stock Exchange,DG,retail,,,http://www.wikidata.org/entity/Q145168,37844863000.0,2022-01-01 00:00:00+00:00
Starbucks,Q37158,Nasdaq,SBUX,coffee industry,107369000000.0,2022-02-18 00:00:00+00:00,http://www.wikidata.org/entity/Q37158,37184400000.0,2025-01-01 00:00:00+00:00
The Travelers Companies,Q942471,New York Stock Exchange,TRV,insurance,,,http://www.wikidata.org/entity/Q942471,36884000000.0,2022-01-01 00:00:00+00:00
Occidental Petroleum,Q2013357,New York Stock Exchange,OXY,petroleum industry,,,http://www.wikidata.org/entity/Q2013357,36634000000.0,2022-01-01 00:00:00+00:00
Exelon,Q1383669,New York Stock Exchange,EXC,energy industry,43000000000.0,2023-04-23 00:00:00+00:00,http://www.wikidata.org/entity/Q1383669,36347000000.0,2021-01-01 00:00:00+00:00
Broadcom,Q790060,Nasdaq,AVGO,semiconductor industry,,,http://www.wikidata.org/entity/Q790060,35819000000.0,2023-10-29 00:00:00+00:00
"Honeywell International, Inc.",Q898208,New York Stock Exchange,HON,retail,143789555758.0,2022-12-24 00:00:00+00:00,http://www.wikidata.org/entity/Q898208,35466000000.0,2022-01-01 00:00:00+00:00
Tesoro Corporation,Q2037080,New York Stock Exchange,ANDV,petroleum industry,,,http://www.wikidata.org/entity/Q2037080,34975000000.0,2017-01-01 00:00:00+00:00
AMD,Q128896,Nasdaq,AMD,electrical industry,185240000000.0,2022-02-18 00:00:00+00:00,http://www.wikidata.org/entity/Q128896,34639000000.0,2025-01-01 00:00:00+00:00
AMD,Q128896,New York Stock Exchange,AMD,electrical industry,185240000000.0,2022-02-18 00:00:00+00:00,http://www.wikidata.org/entity/Q128896,34639000000.0,2025-01-01 00:00:00+00:00
UBS,Q193199,New York Stock Exchange,UBS,economics of banking,,,http://www.wikidata.org/entity/Q193199,34563000000.0,2022-01-01 00:00:00+00:00
Capital One,Q1034654,New York Stock Exchange,COF,financial services,,,http://www.wikidata.org/entity/Q1034654,34250000000.0,2022-01-01 00:00:00+00:00
3M,Q159433,New York Stock Exchange,MMM,mining industry,50101328208.0,2024-04-05 00:00:00+00:00,http://www.wikidata.org/entity/Q159433,34229000000.0,2022-01-01 00:00:00+00:00
Lennar Corporation,Q16981175,New York Stock Exchange,LEN,construction,,,http://www.wikidata.org/entity/Q16981175,33671010000.0,2022-01-01 00:00:00+00:00
D. R. Horton,Q5203782,New York Stock Exchange,DHI,construction,,,http://www.wikidata.org/entity/Q5203782,33480000000.0,2022-01-01 00:00:00+00:00
Air France-KLM,Q407237,Nasdaq,AFRAF,holding company activities,,,http://www.wikidata.org/entity/Q407237,33007000000.0,2025-01-01 00:00:00+00:00
Linde Group,Q682759,New York Stock Exchange,LIN,chemical industry,,,http://www.wikidata.org/entity/Q682759,33005000000.0,2024-01-01 00:00:00+00:00
Linde Group,Q682759,Nasdaq,LIN,chemical industry,,,http://www.wikidata.org/entity/Q682759,33005000000.0,2024-01-01 00:00:00+00:00
Ecopetrol,Q1282130,New York Stock Exchange,EC,petroleum industry,,,http://www.wikidata.org/entity/Q1282130,32800000000.0,2024-01-01 00:00:00+00:00
Mastercard,Q489921,New York Stock Exchange,MA,financial services,446250000000.0,2026-03-24 00:00:00+00:00,http://www.wikidata.org/entity/Q489921,32800000000.0,2025-01-01 00:00:00+00:00
Philip Morris International,Q1852556,New York Stock Exchange,PM,fast-moving consumer goods,,,http://www.wikidata.org/entity/Q1852556,31762000000.0,2022-01-01 00:00:00+00:00
NRG Energy,Q6955139,New York Stock Exchange,NRG,electricity supply company,,,http://www.wikidata.org/entity/Q6955139,31543000000.0,2022-01-01 00:00:00+00:00
Mondelez International,Q12857502,Nasdaq,MDLZ,food industry,,,http://www.wikidata.org/entity/Q12857502,31496000000.0,2022-01-01 00:00:00+00:00
Danaher Corporation,Q1159256,New York Stock Exchange,DHR,conglomerate,,,http://www.wikidata.org/entity/Q1159256,31471000000.0,2022-01-01 00:00:00+00:00
Medtronic,Q642189,New York Stock Exchange,MDT,medical technology industry,,,http://www.wikidata.org/entity/Q642189,31227000000.0,2022-01-01 00:00:00+00:00
SAP,Q552581,New York Stock Exchange,SAP,software development,,,http://www.wikidata.org/entity/Q552581,31207000000.0,2023-01-01 00:00:00+00:00
"CBRE, Inc.",Q1023013,New York Stock Exchange,CBRE,real estate industry,,,http://www.wikidata.org/entity/Q1023013,30828246000.0,2022-01-01 00:00:00+00:00
Micron Technology,Q1197548,Nasdaq,MU,,,,http://www.wikidata.org/entity/Q1197548,30758000000.0,2022-01-01 00:00:00+00:00
Paramount Global,Q76846862,Nasdaq,PARA,mass media,,,http://www.wikidata.org/entity/Q76846862,30154000000.0,2022-01-01 00:00:00+00:00
Deutsche Bank,Q66048,New York Stock Exchange,DB,financial services,18000000000.0,2016-08-08 00:00:00+00:00,http://www.wikidata.org/entity/Q66048,30100000000.0,2024-12-31 00:00:00+00:00
Raytheon,Q156644,New York Stock Exchange,RTN,aerospace industry,42080000000.0,2016-01-01 00:00:00+00:00,http://www.wikidata.org/entity/Q156644,29176000000.0,2019-01-01 00:00:00+00:00
ABB Group,Q52825,New York Stock Exchange,ABB,robotics,51603000000.0,2022-07-15 00:00:00+00:00,http://www.wikidata.org/entity/Q52825,28945000000.0,2021-12-31 00:00:00+00:00
PACCAR,Q1477661,Nasdaq,PCAR,automotive industry,,,http://www.wikidata.org/entity/Q1477661,28819700000.0,2022-01-01 00:00:00+00:00
Duke Energy,Q1264404,New York Stock Exchange,DUK,electricity generation,,,http://www.wikidata.org/entity/Q1264404,28675000000.0,2022-01-01 00:00:00+00:00
Hewlett Packard Enterprise,Q19923099,New York Stock Exchange,HPE,software industry,27800000000.0,2017-07-14 00:00:00+00:00,http://www.wikidata.org/entity/Q19923099,28496000000.0,2022-01-01 00:00:00+00:00
Dollar Tree,Q5289230,Nasdaq,DLTR,retail,,,http://www.wikidata.org/entity/Q5289230,28331700000.0,2022-01-01 00:00:00+00:00
ASML,Q297879,Nasdaq,ASML,semiconductor industry,,,http://www.wikidata.org/entity/Q297879,28262900000.0,2024-01-01 00:00:00+00:00
SLB,Q1425316,New York Stock Exchange,SLB,petroleum industry,,,http://www.wikidata.org/entity/Q1425316,28091000000.0,2022-01-01 00:00:00+00:00
Diageo,Q161140,New York Stock Exchange,DEO,beverage industry,,,http://www.wikidata.org/entity/Q161140,27964000000.0,2025-01-01 00:00:00+00:00
CTC Media,Q4403264,Nasdaq,CTCM,communication,,,http://www.wikidata.org/entity/Q4403264,27566612000.0,2017-01-01 00:00:00+00:00
PayPal Holdings,Q135683211,Nasdaq,PYPL,financial services,295490000000.0,2021-05-21 00:00:00+00:00,http://www.wikidata.org/entity/Q135683211,27518000000.0,2022-01-01 00:00:00+00:00
Gilead Sciences,Q663596,Nasdaq,GILD,pharmaceutical industry,66400000000.0,2019-06-28 00:00:00+00:00,http://www.wikidata.org/entity/Q663596,27281000000.0,2022-01-01 00:00:00+00:00
Applied Materials,Q621610,Nasdaq,AMAT,,,,http://www.wikidata.org/entity/Q621610,27176000000.0,2024-01-01 00:00:00+00:00
Corebridge Financial,Q115803672,New York Stock Exchange,CRBG,financial services,,,http://www.wikidata.org/entity/Q115803672,26679000000.0,2022-01-01 00:00:00+00:00
Kraft Heinz,Q19681433,Nasdaq,KHC,food industry,49440000000.0,2022-02-23 00:00:00+00:00,http://www.wikidata.org/entity/Q19681433,26485000000.0,2022-01-01 00:00:00+00:00
Pandora,Q2241604,Nasdaq,PANDORA,retail,,,http://www.wikidata.org/entity/Q2241604,26463000000.0,2022-01-01 00:00:00+00:00
Amgen,Q470517,Nasdaq,AMGN,pharmaceutical industry,,,http://www.wikidata.org/entity/Q470517,26323000000.0,2022-01-01 00:00:00+00:00
McDonald's,Q38076,New York Stock Exchange,MCD,food service,173430000000.0,2021-04-08 00:00:00+00:00,http://www.wikidata.org/entity/Q38076,25920000000.0,2024-01-01 00:00:00+00:00
Flex Ltd.,Q1140680,Nasdaq,FLEX,electronics,,,http://www.wikidata.org/entity/Q1140680,25813000000.0,2025-01-01 00:00:00+00:00
British American Tobacco,Q856411,New York Stock Exchange,BTI,tobacco industry,,,http://www.wikidata.org/entity/Q856411,25776000000.0,2020-01-01 00:00:00+00:00
EOG Resources,Q1275577,New York Stock Exchange,EOG,petroleum industry,,,http://www.wikidata.org/entity/Q1275577,25702000000.0,2022-01-01 00:00:00+00:00
HDFC Bank,Q631047,New York Stock Exchange,HDB,financial services,,,http://www.wikidata.org/entity/Q631047,25636300000.0,2024-01-01 00:00:00+00:00
Johnson Controls plc,Q667865,New York Stock Exchange,JCI,,,,http://www.wikidata.org/entity/Q667865,25299000000.0,2022-01-01 00:00:00+00:00
Viacom,Q214346,Nasdaq,VIA,media industry,26560000000.0,2021-04-22 00:00:00+00:00,http://www.wikidata.org/entity/Q214346,25285000000.0,2020-01-01 00:00:00+00:00
Live Nation Entertainment,Q1061903,New York Stock Exchange,LYV,show business,38930000000.0,2026-03-09 00:00:00+00:00,http://www.wikidata.org/entity/Q1061903,25201406000.0,2025-01-01 00:00:00+00:00
Nokia,Q1418,New York Stock Exchange,NOK,computer network,26257000000.0,2016-12-31 00:00:00+00:00,http://www.wikidata.org/entity/Q1418,24910000000.0,2022-01-01 00:00:00+00:00
Union Pacific Corporation,Q20183163,New York Stock Exchange,UNP,transport,,,http://www.wikidata.org/entity/Q20183163,24875000000.0,2022-01-01 00:00:00+00:00
Baker Hughes,Q804353,New York Stock Exchange,BHGE,petroleum industry,,,http://www.wikidata.org/entity/Q804353,24600000000.0,2013-01-01 00:00:00+00:00
"Macy's, Inc.",Q5479360,New York Stock Exchange,M,retail,,,http://www.wikidata.org/entity/Q5479360,24442000000.0,2022-01-01 00:00:00+00:00
AstraZeneca,Q731938,New York Stock Exchange,AZN,pharmaceutical industry,,,http://www.wikidata.org/entity/Q731938,24384000000.0,2019-01-01 00:00:00+00:00
Pioneer Natural Resources,Q4046987,New York Stock Exchange,PXD,petroleum industry,,,http://www.wikidata.org/entity/Q4046987,24294000000.0,2022-01-01 00:00:00+00:00
"Block, Inc.",Q110778747,New York Stock Exchange,SQ,financial services,33136000000.0,2026-02-26 00:00:00+00:00,http://www.wikidata.org/entity/Q110778747,24193683000.0,2025-01-01 00:00:00+00:00
Altria,Q445007,New York Stock Exchange,MO,food industry,,,http://www.wikidata.org/entity/Q445007,24018000000.0,2024-01-01 00:00:00+00:00
Southwest Airlines,Q503308,New York Stock Exchange,LUV,air transport,,,http://www.wikidata.org/entity/Q503308,23814000000.0,2022-01-01 00:00:00+00:00
CNH Industrial,Q15238661,New York Stock Exchange,CNHI,automotive industry,,,http://www.wikidata.org/entity/Q15238661,23551000000.0,2022-01-01 00:00:00+00:00
U.S. Bancorp,Q739084,New York Stock Exchange,USB,economics of banking,1587600000000.0,2021-07-17 00:00:00+00:00,http://www.wikidata.org/entity/Q739084,23325000000.0,2020-01-01 00:00:00+00:00
Cleveland-Cliffs,Q5133094,New York Stock Exchange,CLF,iron and steel industry,,,http://www.wikidata.org/entity/Q5133094,22989000000.0,2022-01-01 00:00:00+00:00
Builders FirstSource,Q27686100,New York Stock Exchange,BLDR,building materials trade,,,http://www.wikidata.org/entity/Q27686100,22726418000.0,2022-01-01 00:00:00+00:00
ING Group,Q645708,New York Stock Exchange,ING,"financial service activities, except insurance and pension funding",,,http://www.wikidata.org/entity/Q645708,22615000000.0,2024-01-01 00:00:00+00:00
Staples Inc.,Q785943,Nasdaq,SPLS,retail,,,http://www.wikidata.org/entity/Q785943,22492000000.0,2015-01-01 00:00:00+00:00
ONEOK,Q11074156,New York Stock Exchange,OKE,public utility,,,http://www.wikidata.org/entity/Q11074156,22386892000.0,2022-01-01 00:00:00+00:00
The Hartford,Q444110,New York Stock Exchange,HIG,,17870000000.0,2016-10-02 00:00:00+00:00,http://www.wikidata.org/entity/Q444110,22362000000.0,2022-01-01 00:00:00+00:00
Sherwin-Williams,Q48881,New York Stock Exchange,SHW,chemical industry,,,http://www.wikidata.org/entity/Q48881,22148900000.0,2022-01-01 00:00:00+00:00
International Paper,Q202972,New York Stock Exchange,IP,pulp and paper industry,,,http://www.wikidata.org/entity/Q202972,21161000000.0,2022-01-01 00:00:00+00:00
U.S. Steel,Q72539,New York Stock Exchange,X,iron and steel industry,9840000000.0,2025-05-01 00:00:00+00:00,http://www.wikidata.org/entity/Q72539,21065000000.0,2022-01-01 00:00:00+00:00
NextEra Energy,Q967868,New York Stock Exchange,NEE,energy company,,,http://www.wikidata.org/entity/Q967868,20956000000.0,2022-01-01 00:00:00+00:00
Marriott International,Q1141173,Nasdaq,MAR,hospitality industry,,,http://www.wikidata.org/entity/Q1141173,20773000000.0,2022-01-01 00:00:00+00:00
Charles Schwab Corporation,Q1066028,New York Stock Exchange,SCHW,financial services,,,http://www.wikidata.org/entity/Q1066028,20762000000.0,2022-01-01 00:00:00+00:00
Eaton Corporation,Q48872,New York Stock Exchange,ETN,industrial manufacturing,96159000000.0,2023-01-01 00:00:00+00:00,http://www.wikidata.org/entity/Q48872,20752000000.0,2022-01-01 00:00:00+00:00
Marsh & McLennan Companies,Q1786345,New York Stock Exchange,MMC,,,,http://www.wikidata.org/entity/Q1786345,20720000000.0,2022-01-01 00:00:00+00:00
Kimberly-Clark,Q1741634,New York Stock Exchange,KMB,personal care product,,,http://www.wikidata.org/entity/Q1741634,20175000000.0,2022-01-01 00:00:00+00:00
Goodyear Tire and Rubber Company,Q620875,Nasdaq,GT,industrial manufacturing,,,http://www.wikidata.org/entity/Q620875,20066000000.0,2023-01-01 00:00:00+00:00
Texas Instruments,Q193412,Nasdaq,TXN,electronics,153992000000.0,2022-02-18 00:00:00+00:00,http://www.wikidata.org/entity/Q193412,20028000000.0,2022-01-01 00:00:00+00:00
"Waste Management, Inc",Q2552219,New York Stock Exchange,WM,waste management industry,,,http://www.wikidata.org/entity/Q2552219,19698000000.0,2022-01-01 00:00:00+00:00
Emerson Electric,Q1335585,New York Stock Exchange,EMR,electrical industry,,,http://www.wikidata.org/entity/Q1335585,19629000000.0,2022-01-01 00:00:00+00:00
Aflac,Q26311,New York Stock Exchange,AFL,,37700000000.0,2021-11-14 00:00:00+00:00,http://www.wikidata.org/entity/Q26311,19502000000.0,2022-01-01 00:00:00+00:00
Cognizant,Q1107035,Nasdaq,CTSH,information technology consulting,,,http://www.wikidata.org/entity/Q1107035,19428000000.0,2022-01-01 00:00:00+00:00
Fresenius Medical Care,Q650259,New York Stock Exchange,FMS,health care,,,http://www.wikidata.org/entity/Q650259,19336000000.0,2024-01-01 00:00:00+00:00
Lehman Brothers,Q212900,New York Stock Exchange,LEH,investment,,,http://www.wikidata.org/entity/Q212900,19257000000.0,2008-01-01 00:00:00+00:00
DTE Energy,Q5206232,New York Stock Exchange,DTE,energy industry,,,http://www.wikidata.org/entity/Q5206232,19228000000.0,2022-01-01 00:00:00+00:00
Kinder Morgan,Q931032,New York Stock Exchange,KMI,petroleum industry,40037000000.0,2023-04-14 00:00:00+00:00,http://www.wikidata.org/entity/Q931032,19200000000.0,2022-01-01 00:00:00+00:00
Devon Energy,Q1206980,New York Stock Exchange,DVN,petroleum industry,,,http://www.wikidata.org/entity/Q1206980,19169000000.0,2022-01-01 00:00:00+00:00
The Mosaic Company,Q7752327,New York Stock Exchange,MOS,agriculture,,,http://www.wikidata.org/entity/Q7752327,19125200000.0,2022-01-01 00:00:00+00:00
General Mills,Q629998,New York Stock Exchange,GIS,food industry,,,http://www.wikidata.org/entity/Q629998,18992800000.0,2022-01-01 00:00:00+00:00
Becton Dickinson,Q813780,New York Stock Exchange,BDX,biotechnology,,,http://www.wikidata.org/entity/Q813780,18870000000.0,2022-01-01 00:00:00+00:00
Lincoln National Corporation,Q1825763,New York Stock Exchange,LNC,insurance,,,http://www.wikidata.org/entity/Q1825763,18784000000.0,2022-01-01 00:00:00+00:00
Ross Dress for Less,Q3442791,Nasdaq,ROST,retail,,,http://www.wikidata.org/entity/Q3442791,18695829000.0,2022-01-01 00:00:00+00:00
Stryker Corporation,Q2357515,New York Stock Exchange,SYK,health technology,,,http://www.wikidata.org/entity/Q2357515,18449000000.0,2022-01-01 00:00:00+00:00
Baidu,Q14772,Nasdaq,BIDU,Internet,,,http://www.wikidata.org/entity/Q14772,18238000000.0,2024-01-01 00:00:00+00:00
Xerox,Q152433,New York Stock Exchange,XRX,computer industry,,,http://www.wikidata.org/entity/Q152433,18045000000.0,2015-01-01 00:00:00+00:00
Colgate-Palmolive,Q609466,New York Stock Exchange,CL,personal care product,,,http://www.wikidata.org/entity/Q609466,17967000000.0,2022-01-01 00:00:00+00:00
BlackRock,Q219635,New York Stock Exchange,BLK,asset management,120500000000.0,2018-09-14 00:00:00+00:00,http://www.wikidata.org/entity/Q219635,17860000000.0,2023-01-01 00:00:00+00:00
Estée Lauder,Q1260606,New York Stock Exchange,EL,cosmetics industry,,,http://www.wikidata.org/entity/Q1260606,17737000000.0,2022-01-01 00:00:00+00:00
Fiserv,Q1420513,New York Stock Exchange,FI,financial services,,,http://www.wikidata.org/entity/Q1420513,17737000000.0,2022-01-01 00:00:00+00:00
Fiserv,Q1420513,Nasdaq,FISV,financial services,,,http://www.wikidata.org/entity/Q1420513,17737000000.0,2022-01-01 00:00:00+00:00
PPG Industries,Q48754,New York Stock Exchange,PPG,glass,,,http://www.wikidata.org/entity/Q48754,17652000000.0,2022-01-01 00:00:00+00:00
Adobe,Q11463,Nasdaq,ADBE,artificial intelligence,252820000000.0,2022-02-02 00:00:00+00:00,http://www.wikidata.org/entity/Q11463,17606000000.0,2022-01-01 00:00:00+00:00
Principal Financial Group,Q3403513,Nasdaq,PFG,,,,http://www.wikidata.org/entity/Q3403513,17491600000.0,2022-01-01 00:00:00+00:00
Aptiv,Q643626,New York Stock Exchange,DLPH,automotive industry,,,http://www.wikidata.org/entity/Q643626,17489000000.0,2022-01-01 00:00:00+00:00
Lumen Technologies,Q5063092,New York Stock Exchange,LUMN,technology company,,,http://www.wikidata.org/entity/Q5063092,17478000000.0,2022-01-01 00:00:00+00:00
Corteva,Q63197674,New York Stock Exchange,CTVA,Pesticide and Other Agricultural Chemical Manufacturing,,,http://www.wikidata.org/entity/Q63197674,17450000000.0,2022-12-01 00:00:00+00:00
Lam Research,Q1342041,Nasdaq,LRCX,,,,http://www.wikidata.org/entity/Q1342041,17428516000.0,2022-01-01 00:00:00+00:00
Dominion Energy,Q677464,New York Stock Exchange,D,energy industry,,,http://www.wikidata.org/entity/Q677464,17174000000.0,2022-01-01 00:00:00+00:00
Koninklijke Philips Electronics N.V.,Q170416,New York Stock Exchange,PHG,electrical industry,25730000000.0,2022-02-02 00:00:00+00:00,http://www.wikidata.org/entity/Q170416,17156000000.0,2021-12-31 00:00:00+00:00
L3Harris Technologies,Q30291091,New York Stock Exchange,LHX,weapons industry,,,http://www.wikidata.org/entity/Q30291091,17062000000.0,2022-01-01 00:00:00+00:00
Stanley Black & Decker,Q706094,New York Stock Exchange,SWK,power tool,,,http://www.wikidata.org/entity/Q706094,16947400000.0,2022-01-01 00:00:00+00:00
"Automatic Data Processing, Inc. (ADP)",Q489080,Nasdaq,ADP,software industry,,,http://www.wikidata.org/entity/Q489080,16498300000.0,2022-01-01 00:00:00+00:00
The Bank of New York Mellon,Q589288,New York Stock Exchange,BK,economics of banking,,,http://www.wikidata.org/entity/Q589288,16377000000.0,2022-01-01 00:00:00+00:00
UAL Corporation,Q7863740,Nasdaq,,transport,,,http://www.wikidata.org/entity/Q7863740,16335000000.0,2009-01-01 00:00:00+00:00
TE Connectivity,Q663452,New York Stock Exchange,TEL,electronics,,,http://www.wikidata.org/entity/Q663452,16281000000.0,2022-01-01 00:00:00+00:00
AutoZone,Q4826087,New York Stock Exchange,AZO,automotive industry,,,http://www.wikidata.org/entity/Q4826087,16252230000.0,2022-01-01 00:00:00+00:00
PulteGroup,Q7259716,New York Stock Exchange,PHM,,,,http://www.wikidata.org/entity/Q7259716,16228995000.0,2022-01-01 00:00:00+00:00
Parker Hannifin,Q1470619,New York Stock Exchange,PH,industrial manufacturing,,,http://www.wikidata.org/entity/Q1470619,15861608000.0,2022-01-01 00:00:00+00:00
Westlake Corporation,Q17326957,New York Stock Exchange,WLK,petroleum industry,,,http://www.wikidata.org/entity/Q17326957,15794000000.0,2022-01-01 00:00:00+00:00
Consolidated Edison,Q1127536,New York Stock Exchange,ED,energy industry,,,http://www.wikidata.org/entity/Q1127536,15670000000.0,2022-01-01 00:00:00+00:00
Fluor,Q653581,New York Stock Exchange,FLR,construction,,,http://www.wikidata.org/entity/Q653581,15668477000.0,2020-01-01 00:00:00+00:00
Republic Services,Q7314415,New York Stock Exchange,RSG,waste management,,,http://www.wikidata.org/entity/Q7314415,15645100000.0,2022-01-01 00:00:00+00:00
Synchrony Financial,Q18387139,New York Stock Exchange,SYF,financial services,,,http://www.wikidata.org/entity/Q18387139,15625000000.0,2022-01-01 00:00:00+00:00
Kellanova,Q856897,New York Stock Exchange,K,food industry,,,http://www.wikidata.org/entity/Q856897,15315000000.0,2022-01-01 00:00:00+00:00
Xcel Energy,Q1486956,New York Stock Exchange,XEL,public utility,,,http://www.wikidata.org/entity/Q1486956,15310000000.0,2022-01-01 00:00:00+00:00
Xcel Energy,Q1486956,Nasdaq,XEL,public utility,,,http://www.wikidata.org/entity/Q1486956,15310000000.0,2022-01-01 00:00:00+00:00
Baxter International,Q761965,New York Stock Exchange,BAX,medical equipment,,,http://www.wikidata.org/entity/Q761965,15113000000.0,2022-01-01 00:00:00+00:00
Monsanto,Q207983,New York Stock Exchange,MON,biotechnology,,,http://www.wikidata.org/entity/Q207983,15000000000.0,2015-01-01 00:00:00+00:00
"XPO, Inc.",Q8042415,New York Stock Exchange,XPO,logistics,,,http://www.wikidata.org/entity/Q8042415,15000000000.0,2015-01-01 00:00:00+00:00
LabCorp,Q6466630,New York Stock Exchange,LH,health care,,,http://www.wikidata.org/entity/Q6466630,14876800000.0,2022-01-01 00:00:00+00:00
CSX Corporation,Q1024454,New York Stock Exchange,CSX,rail transport,58799000000.0,2025-05-15 00:00:00+00:00,http://www.wikidata.org/entity/Q1024454,14853000000.0,2022-01-01 00:00:00+00:00
CSX Corporation,Q1024454,Nasdaq,CSX,rail transport,58799000000.0,2025-05-15 00:00:00+00:00,http://www.wikidata.org/entity/Q1024454,14853000000.0,2022-01-01 00:00:00+00:00
BorgWarner,Q825943,New York Stock Exchange,BWA,automotive industry,,,http://www.wikidata.org/entity/Q825943,14800000000.0,2021-01-01 00:00:00+00:00
TIM Group,Q144617,New York Stock Exchange,TI,telecommunications,,,http://www.wikidata.org/entity/Q144617,14442000000.0,2024-01-01 00:00:00+00:00
O’Reilly Auto Parts,Q7071951,Nasdaq,ORLY,retail,,,http://www.wikidata.org/entity/Q7071951,14409860000.0,2022-01-01 00:00:00+00:00
Ameriprise Financial,Q2843129,New York Stock Exchange,AMP,financial services,,,http://www.wikidata.org/entity/Q2843129,14347000000.0,2022-01-01 00:00:00+00:00
Omnicom Group,Q1519267,New York Stock Exchange,OMC,mass media,,,http://www.wikidata.org/entity/Q1519267,14289100000.0,2022-01-01 00:00:00+00:00
Corning Inc.,Q5842736,New York Stock Exchange,GLW,biotechnology,27000000000.0,2017-06-30 00:00:00+00:00,http://www.wikidata.org/entity/Q5842736,14189000000.0,2022-01-01 00:00:00+00:00
Dr Pepper Snapple Group,Q1254149,New York Stock Exchange,DPS,beverage industry,,,http://www.wikidata.org/entity/Q1254149,14057000000.0,2022-01-01 00:00:00+00:00
Loews Corporation,Q826526,New York Stock Exchange,L,,,,http://www.wikidata.org/entity/Q826526,14044000000.0,2022-01-01 00:00:00+00:00
Fox Corporation,Q60238941,Nasdaq,FOX,media industry,,,http://www.wikidata.org/entity/Q60238941,13974000000.0,2022-01-01 00:00:00+00:00
Entergy,Q1344587,New York Stock Exchange,ETR,energy company,,,http://www.wikidata.org/entity/Q1344587,13764237000.0,2022-01-01 00:00:00+00:00
Textron,Q2140315,New York Stock Exchange,TXT,automotive industry,,,http://www.wikidata.org/entity/Q2140315,13702000000.0,2024-01-01 00:00:00+00:00
Otis Worldwide Corporation,Q1134069,New York Stock Exchange,OTIS,,,,http://www.wikidata.org/entity/Q1134069,13685000000.0,2022-01-01 00:00:00+00:00
VMware,Q11407,New York Stock Exchange,VMW,software industry,,,http://www.wikidata.org/entity/Q11407,13350000000.0,2022-01-01 00:00:00+00:00
NXP Semiconductors,Q1155668,Nasdaq,NXPI,electronics,,,http://www.wikidata.org/entity/Q1155668,13276000000.0,2023-01-01 00:00:00+00:00
STMicroelectronics,Q661845,New York Stock Exchange,STM,semiconductor industry,,,http://www.wikidata.org/entity/Q661845,13269000000.0,2024-01-01 00:00:00+00:00
MGM Resorts International,Q568532,New York Stock Exchange,MGM,hospitality industry,,,http://www.wikidata.org/entity/Q568532,13127485000.0,2022-01-01 00:00:00+00:00
United Technologies Corporation,Q1045758,New York Stock Exchange,UTX,holding company,,,http://www.wikidata.org/entity/Q1045758,13100000000.0,2019-01-01 00:00:00+00:00
DuPont,Q221062,New York Stock Exchange,DD,chemical industry,,,http://www.wikidata.org/entity/Q221062,13020000000.0,2022-12-01 00:00:00+00:00
Discover Financial,Q5281775,New York Stock Exchange,DFS,financial services,,,http://www.wikidata.org/entity/Q5281775,12864000000.0,2022-01-01 00:00:00+00:00
Lafarge,Q1144929,New York Stock Exchange,LR,cement industry,,,http://www.wikidata.org/entity/Q1144929,12843000000.0,2014-01-01 00:00:00+00:00
Norfolk Southern Corporation,Q20858163,New York Stock Exchange,NSC,,54988000000.0,2025-05-15 00:00:00+00:00,http://www.wikidata.org/entity/Q20858163,12745000000.0,2022-01-01 00:00:00+00:00
Intuit,Q1318848,Nasdaq,INTU,enterprise software,,,http://www.wikidata.org/entity/Q1318848,12726000000.0,2022-01-01 00:00:00+00:00
Air Products & Chemicals,Q407744,New York Stock Exchange,APD,,,,http://www.wikidata.org/entity/Q407744,12698600000.0,2022-01-01 00:00:00+00:00
Amphenol,Q474621,New York Stock Exchange,APH,electronics,,,http://www.wikidata.org/entity/Q474621,12623000000.0,2022-01-01 00:00:00+00:00
Edison International,Q662095,New York Stock Exchange,EIX,electricity generation,,,http://www.wikidata.org/entity/Q662095,12600000000.0,2013-01-01 00:00:00+00:00
Aon plc,Q739518,New York Stock Exchange,AON,professional service,,,http://www.wikidata.org/entity/Q739518,12479000000.0,2022-01-01 00:00:00+00:00
FirstEnergy,Q1419248,New York Stock Exchange,FE,electricity supply company,,,http://www.wikidata.org/entity/Q1419248,12459000000.0,2022-01-01 00:00:00+00:00
Hormel,Q1454852,New York Stock Exchange,HRL,food processing,,,http://www.wikidata.org/entity/Q1454852,12458806000.0,2022-01-01 00:00:00+00:00
Eversource Energy,Q3344199,New York Stock Exchange,ES,public utility,,,http://www.wikidata.org/entity/Q3344199,12289336000.0,2022-01-01 00:00:00+00:00
Regeneron Pharmaceuticals,Q7308054,Nasdaq,REGN,pharmaceutical industry,,,http://www.wikidata.org/entity/Q7308054,12172900000.0,2022-01-01 00:00:00+00:00
State Street Corporation,Q2037125,New York Stock Exchange,STT,financial services,26930000000.0,2023-04-14 00:00:00+00:00,http://www.wikidata.org/entity/Q2037125,12148000000.0,2022-01-01 00:00:00+00:00
J. B. Hunt,Q4041705,Nasdaq,JBHT,,,,http://www.wikidata.org/entity/Q4041705,12087000000.0,2024-01-01 00:00:00+00:00
Analog Devices,Q484930,Nasdaq,ADI,semiconductor industry,,,http://www.wikidata.org/entity/Q484930,12013953000.0,2022-01-01 00:00:00+00:00
Avis Budget Group,Q2874395,Nasdaq,CAR,car rental company,7018650000.0,2023-04-14 00:00:00+00:00,http://www.wikidata.org/entity/Q2874395,11994000000.0,2022-01-01 00:00:00+00:00
Unum,Q143435,New York Stock Exchange,UNM,,,,http://www.wikidata.org/entity/Q143435,11991000000.0,2022-01-01 00:00:00+00:00
APA Corporation,Q119991,New York Stock Exchange,APA,petroleum industry,,,http://www.wikidata.org/entity/Q119991,11938000000.0,2022-01-01 00:00:00+00:00
Newmont Mining Corporation,Q1785405,New York Stock Exchange,NEM,metal,,,http://www.wikidata.org/entity/Q1785405,11915000000.0,2022-01-01 00:00:00+00:00
Expand Energy,Q2962826,New York Stock Exchange,CHK,petroleum industry,,,http://www.wikidata.org/entity/Q2962826,11743000000.0,2022-01-01 00:00:00+00:00
Expand Energy,Q2962826,Nasdaq,EXE,petroleum industry,,,http://www.wikidata.org/entity/Q2962826,11743000000.0,2022-01-01 00:00:00+00:00
Markel Corporation,Q6770621,New York Stock Exchange,MKL,insurance,,,http://www.wikidata.org/entity/Q6770621,11675335000.0,2022-01-01 00:00:00+00:00
Seagate Technology,Q705392,Nasdaq,STX,computer storage media,,,http://www.wikidata.org/entity/Q705392,11661000000.0,2022-01-01 00:00:00+00:00
United Rentals,Q7889101,New York Stock Exchange,URI,equipment rental,,,http://www.wikidata.org/entity/Q7889101,11642000000.0,2022-01-01 00:00:00+00:00
MPLX,Q105965677,New York Stock Exchange,MPLX,,,,http://www.wikidata.org/entity/Q105965677,11613000000.0,2022-01-01 00:00:00+00:00
Hess Corporation,Q1615684,New York Stock Exchange,HES,petroleum industry,,,http://www.wikidata.org/entity/Q1615684,11570000000.0,2022-01-01 00:00:00+00:00
Fidelity National Financial,Q5446791,New York Stock Exchange,FNF,,,,http://www.wikidata.org/entity/Q5446791,11556000000.0,2022-01-01 00:00:00+00:00
Huntington Ingalls Industries,Q7257522,New York Stock Exchange,HII,shipbuilding,17093000000.0,2026-02-26 00:00:00+00:00,http://www.wikidata.org/entity/Q7257522,11535000000.0,2024-01-01 00:00:00+00:00
Raymond James Financial,Q7298901,New York Stock Exchange,RJF,investment,,,http://www.wikidata.org/entity/Q7298901,11308000000.0,2022-01-01 00:00:00+00:00
S&P Global,Q868587,New York Stock Exchange,SPGI,financial services,53600000000.0,2019-05-24 00:00:00+00:00,http://www.wikidata.org/entity/Q868587,11181000000.0,2022-01-01 00:00:00+00:00
AGCO,Q292292,New York Stock Exchange,AGCO,industrial manufacturing,,,http://www.wikidata.org/entity/Q292292,11138000000.0,2021-01-01 00:00:00+00:00
Airbnb,Q63327,Nasdaq,ABNB,tourism industry,76532000000.0,2023-02-14 00:00:00+00:00,http://www.wikidata.org/entity/Q63327,11102000000.0,2024-01-01 00:00:00+00:00
Penske Automotive Group,Q1975799,New York Stock Exchange,PAG,automotive industry,,,http://www.wikidata.org/entity/Q1975799,11100000000.0,2006-01-01 00:00:00+00:00
Williams Companies,Q930639,New York Stock Exchange,WMB,petroleum industry,,,http://www.wikidata.org/entity/Q930639,10965000000.0,2022-01-01 00:00:00+00:00
Ryanair,Q170614,Nasdaq,RYAAY,,3286000.0,2014-01-01 00:00:00+00:00,http://www.wikidata.org/entity/Q170614,10775200000.0,2022-01-01 00:00:00+00:00
American Tower Corporation,Q4745263,New York Stock Exchange,AMT,real estate investment trust,,,http://www.wikidata.org/entity/Q4745263,10711100000.0,2022-01-01 00:00:00+00:00
"NVR, Inc.",Q6955706,New York Stock Exchange,NVR,,,,http://www.wikidata.org/entity/Q6955706,10526434000.0,2022-01-01 00:00:00+00:00
The Hershey Company,Q1056637,New York Stock Exchange,HSY,"manufacture of cocoa, chocolate and sugar confectionery",,,http://www.wikidata.org/entity/Q1056637,10419294000.0,2022-01-01 00:00:00+00:00
Vertiv,Q5370909,New York Stock Exchange,VRT,industrial manufacturing,,,http://www.wikidata.org/entity/Q5370909,10229900000.0,2025-01-01 00:00:00+00:00
Weyerhaeuser,Q1780382,New York Stock Exchange,WY,pulp and paper industry,,,http://www.wikidata.org/entity/Q1780382,10184000000.0,2022-01-01 00:00:00+00:00
Biogen,Q864338,Nasdaq,BIIB,pharmaceutical industry,,,http://www.wikidata.org/entity/Q864338,10173400000.0,2022-01-01 00:00:00+00:00
Motorola Solutions Incorporated,Q634815,New York Stock Exchange,MSI,telecommunications,,,http://www.wikidata.org/entity/Q634815,9978000000.0,2023-01-01 00:00:00+00:00
Quest Diagnostics,Q7271456,New York Stock Exchange,DGX,health care,,,http://www.wikidata.org/entity/Q7271456,9883000000.0,2022-01-01 00:00:00+00:00
Public Service Enterprise Group,Q930919,New York Stock Exchange,PEG,public utility,,,http://www.wikidata.org/entity/Q930919,9800000000.0,2022-01-01 00:00:00+00:00
eBay,Q58024,Nasdaq,EBAY,retail,70600000000.0,2014-01-01 00:00:00+00:00,http://www.wikidata.org/entity/Q58024,9795000000.0,2022-01-01 00:00:00+00:00
Celanese Corporation,Q547450,New York Stock Exchange,CE,chemical industry,,,http://www.wikidata.org/entity/Q547450,9673000000.0,2022-01-01 00:00:00+00:00
Spotify Technology,Q60269744,New York Stock Exchange,SPOT,streaming media,131273000000.0,2025-05-15 00:00:00+00:00,http://www.wikidata.org/entity/Q60269744,9668000000.0,2021-01-01 00:00:00+00:00
Diamondback Energy,Q65091423,Nasdaq,FANG,petroleum industry,,,http://www.wikidata.org/entity/Q65091423,9643000000.0,2022-01-01 00:00:00+00:00
Intercontinental Exchange,Q841458,New York Stock Exchange,ICE,,,,http://www.wikidata.org/entity/Q841458,9636000000.0,2022-01-01 00:00:00+00:00
Arch Capital Group,Q28155430,Nasdaq,ACGL,insurance,,,http://www.wikidata.org/entity/Q28155430,9614808000.0,2022-01-01 00:00:00+00:00
Continental Resources,Q5165314,New York Stock Exchange,CLR,petroleum industry,,,http://www.wikidata.org/entity/Q5165314,9473708000.0,2022-01-01 00:00:00+00:00
Constellation Brands,Q1128160,New York Stock Exchange,STZ,alcohol industry,,,http://www.wikidata.org/entity/Q1128160,9452600000.0,2022-01-01 00:00:00+00:00
CenterPoint Energy,Q1053560,New York Stock Exchange,CNP,electricity generation,,,http://www.wikidata.org/entity/Q1053560,9321000000.0,2022-01-01 00:00:00+00:00
KLA Corporation,Q624649,Nasdaq,KLAC,electronics,,,http://www.wikidata.org/entity/Q624649,9211883000.0,2022-01-01 00:00:00+00:00
Coterra Energy,Q4035714,New York Stock Exchange,CTRA,petroleum industry,,,http://www.wikidata.org/entity/Q4035714,9051000000.0,2022-01-01 00:00:00+00:00
Vertex Pharmaceuticals,Q2744099,Nasdaq,VRTX,pharmaceutical industry,,,http://www.wikidata.org/entity/Q2744099,8930700000.0,2022-01-01 00:00:00+00:00
Willis Towers Watson,Q21189883,Nasdaq,WTW,risk management,,,http://www.wikidata.org/entity/Q21189883,8866000000.0,2022-01-01 00:00:00+00:00
Cintas,Q1092571,Nasdaq,CTAS,tertiary sector of the economy,,,http://www.wikidata.org/entity/Q1092571,8815769000.0,2022-01-01 00:00:00+00:00
Sirius XM,Q3277465,Nasdaq,SIRI,radio broadcasting,,,http://www.wikidata.org/entity/Q3277465,8699000000.0,2024-01-01 00:00:00+00:00
Hertz Global Holdings,Q95205133,New York Stock Exchange,HTZ,tourism industry,,,http://www.wikidata.org/entity/Q95205133,8685000000.0,2022-01-01 00:00:00+00:00
Blackstone Group,Q880942,New York Stock Exchange,BX,financial services,,,http://www.wikidata.org/entity/Q880942,8517673000.0,2022-01-01 00:00:00+00:00
Dole plc,Q492747,New York Stock Exchange,DOLE,agribusiness,,,http://www.wikidata.org/entity/Q492747,8475343000.0,2024-01-01 00:00:00+00:00
Ally Financial,Q2032800,New York Stock Exchange,ALLY,bank,,,http://www.wikidata.org/entity/Q2032800,8428000000.0,2022-01-01 00:00:00+00:00
News Corp,Q14289857,Nasdaq,NWSA,journalism,19546479629.0,2021-11-18 00:00:00+00:00,http://www.wikidata.org/entity/Q14289857,8292000000.0,2016-01-01 00:00:00+00:00
Headhunter,Q4040469,Nasdaq,HHR,E-recruitment,,,http://www.wikidata.org/entity/Q4040469,8282107000.0,2020-01-01 00:00:00+00:00
Franklin Templeton Investments,Q744683,New York Stock Exchange,BEN,financial services,,,http://www.wikidata.org/entity/Q744683,8275300000.0,2022-01-01 00:00:00+00:00
L3 Technologies,Q1781428,New York Stock Exchange,LLL,telecommunications,,,http://www.wikidata.org/entity/Q1781428,8250000000.0,2018-01-01 00:00:00+00:00
M&T Bank,Q3272257,New York Stock Exchange,MTB,financial services,,,http://www.wikidata.org/entity/Q3272257,8178559000.0,2022-01-01 00:00:00+00:00
Zoetis,Q8073337,New York Stock Exchange,ZTS,pharmaceutical industry,,,http://www.wikidata.org/entity/Q8073337,8080000000.0,2022-01-01 00:00:00+00:00
Marathon Oil,Q1577587,New York Stock Exchange,MRO,petroleum industry,,,http://www.wikidata.org/entity/Q1577587,8036000000.0,2022-01-01 00:00:00+00:00
Citizens Financial Group,Q5122694,New York Stock Exchange,CFG,financial services,,,http://www.wikidata.org/entity/Q5122694,8021000000.0,2022-01-01 00:00:00+00:00
Palo Alto Networks,Q7128508,Nasdaq,PANW,computer security,107000000000.0,2024-01-01 00:00:00+00:00,http://www.wikidata.org/entity/Q7128508,8000000000.0,2024-01-01 00:00:00+00:00
PPL,Q2044512,New York Stock Exchange,PPL,electricity supply company,,,http://www.wikidata.org/entity/Q2044512,7902000000.0,2022-01-01 00:00:00+00:00
Rockwell Automation,Q1529234,New York Stock Exchange,ROK,,,,http://www.wikidata.org/entity/Q1529234,7760400000.0,2022-01-01 00:00:00+00:00
Activision Blizzard,Q344341,Nasdaq,ATVI,video game industry,16400000000.0,2015-01-01 00:00:00+00:00,http://www.wikidata.org/entity/Q344341,7528000000.0,2022-01-01 00:00:00+00:00
Electronic Arts,Q173941,Nasdaq,EA,video game industry,37816000000.0,2025-05-01 00:00:00+00:00,http://www.wikidata.org/entity/Q173941,7426000000.0,2022-01-01 00:00:00+00:00
Albemarle Corporation,Q127074,New York Stock Exchange,ALB,chemical industry,,,http://www.wikidata.org/entity/Q127074,7320104000.0,2022-01-01 00:00:00+00:00
KeyBank,Q1740314,New York Stock Exchange,KEY,economics of banking,,,http://www.wikidata.org/entity/Q1740314,7272000000.0,2022-01-01 00:00:00+00:00
Grifols,Q901262,Nasdaq,GRFS,pharmaceutical industry,,,http://www.wikidata.org/entity/Q901262,7212000000.0,2024-01-01 00:00:00+00:00
Liberty Global,Q571779,Nasdaq,,,,,http://www.wikidata.org/entity/Q571779,7195700000.0,2022-01-01 00:00:00+00:00
ON Semiconductor,Q1671509,Nasdaq,ON,semiconductor industry,,,http://www.wikidata.org/entity/Q1671509,7082300000.0,2024-01-01 00:00:00+00:00
Cushman & Wakefield,Q1146061,New York Stock Exchange,CWK,real estate industry,3960000000.0,2018-11-15 00:00:00+00:00,http://www.wikidata.org/entity/Q1146061,6900000000.0,2017-01-01 00:00:00+00:00
Agilent Technologies,Q393762,New York Stock Exchange,A,high-performance liquid chromatography,,,http://www.wikidata.org/entity/Q393762,6848000000.0,2022-01-01 00:00:00+00:00
Yum! Brands,Q668737,New York Stock Exchange,YUM,retail,,,http://www.wikidata.org/entity/Q668737,6842000000.0,2022-01-01 00:00:00+00:00
Northern Trust,Q970695,Nasdaq,NTRS,financial services,20000000000.0,2017-01-01 00:00:00+00:00,http://www.wikidata.org/entity/Q970695,6761200000.0,2022-01-01 00:00:00+00:00
TechnipFMC,Q30324333,New York Stock Exchange,FTI,petroleum industry,,,http://www.wikidata.org/entity/Q30324333,6700400000.0,2022-01-01 00:00:00+00:00
Yum China,Q30645592,New York Stock Exchange,YUMC,fast food,,,http://www.wikidata.org/entity/Q30645592,6622000000.0,2016-01-01 00:00:00+00:00
GlobalFoundries,Q691592,Nasdaq,GFS,semiconductor industry,,,http://www.wikidata.org/entity/Q691592,6585079000.0,2021-01-01 00:00:00+00:00
Cincinnati Financial,Q5120253,Nasdaq,CINF,insurance,,,http://www.wikidata.org/entity/Q5120253,6557000000.0,2022-01-01 00:00:00+00:00
T. Rowe Price,Q3511946,Nasdaq,TROW,asset management,18000000000.0,2017-01-01 00:00:00+00:00,http://www.wikidata.org/entity/Q3511946,6488400000.0,2022-01-01 00:00:00+00:00
Hasbro,Q501476,Nasdaq,HAS,game industry,,,http://www.wikidata.org/entity/Q501476,6420600000.0,2021-01-01 00:00:00+00:00
Garmin Group,Q658789,New York Stock Exchange,GRMN,software industry,,,http://www.wikidata.org/entity/Q658789,6296903000.0,2024-01-01 00:00:00+00:00
"Nasdaq, Inc.",Q1472929,Nasdaq,NDAQ,financial services,,,http://www.wikidata.org/entity/Q1472929,6226000000.0,2022-01-01 00:00:00+00:00
Intuitive Surgical,Q2743863,Nasdaq,ISRG,,,,http://www.wikidata.org/entity/Q2743863,6222200000.0,2022-01-01 00:00:00+00:00
Dassault Systèmes,Q1172038,Nasdaq,DASTY,enterprise software,,,http://www.wikidata.org/entity/Q1172038,6213700000.0,2024-01-01 00:00:00+00:00
Organon & Co.,Q903372,New York Stock Exchange,OGN,pharmaceutical industry,,,http://www.wikidata.org/entity/Q903372,6174000000.0,2022-01-01 00:00:00+00:00
Ametek,Q470317,New York Stock Exchange,AME,industrial manufacturing,,,http://www.wikidata.org/entity/Q470317,6150530000.0,2022-01-01 00:00:00+00:00
Alexion Pharmaceuticals,Q204727,Nasdaq,ALXN,pharmaceutical industry,,,http://www.wikidata.org/entity/Q204727,6100000000.0,2021-01-01 00:00:00+00:00
Warner Music Group,Q21077,Nasdaq,WMG,music industry,,,http://www.wikidata.org/entity/Q21077,6037000000.0,2023-01-01 00:00:00+00:00
Thomson Reuters,Q1141267,New York Stock Exchange,TRI,media industry,45900000000.0,2021-08-24 00:00:00+00:00,http://www.wikidata.org/entity/Q1141267,5984000000.0,2020-01-01 00:00:00+00:00
Prologis,Q16983765,New York Stock Exchange,PLD,real estate investment trust,,,http://www.wikidata.org/entity/Q16983765,5973692000.0,2022-01-01 00:00:00+00:00
Voya Financial,Q5972276,New York Stock Exchange,VOYA,financial services,,,http://www.wikidata.org/entity/Q5972276,5922000000.0,2022-01-01 00:00:00+00:00
Avon Products Inc.,Q791285,New York Stock Exchange,AVP,cosmetics industry,1850000000.0,2017-03-13 00:00:00+00:00,http://www.wikidata.org/entity/Q791285,5718000000.0,2016-01-01 00:00:00+00:00
S&P Global Ratings,Q106158,New York Stock Exchange,,financial services,,,http://www.wikidata.org/entity/Q106158,5661000001.0,2016-01-01 00:00:00+00:00
Equinix,Q851641,Nasdaq,EQIX,Internet,,,http://www.wikidata.org/entity/Q851641,5562000000.0,2019-12-31 00:00:00+00:00
Xylem Inc.,Q3146975,New York Stock Exchange,XYL,industrial manufacturing,,,http://www.wikidata.org/entity/Q3146975,5522000000.0,2022-01-01 00:00:00+00:00
Skyworks Solutions,Q7538146,Nasdaq,SWKS,semiconductor industry,,,http://www.wikidata.org/entity/Q7538146,5485500000.0,2022-01-01 00:00:00+00:00
Moody's Corporation,Q675585,New York Stock Exchange,MCO,financial services,,,http://www.wikidata.org/entity/Q675585,5468000000.0,2022-01-01 00:00:00+00:00
Microchip Technology,Q1545076,Nasdaq,MCHP,electronics,,,http://www.wikidata.org/entity/Q1545076,5440000000.0,2021-01-01 00:00:00+00:00
TransDigm Group Inc.,Q7833612,New York Stock Exchange,TDG,industrial manufacturing,,,http://www.wikidata.org/entity/Q7833612,5430000000.0,2022-01-01 00:00:00+00:00
Roper Technologies,Q16932392,New York Stock Exchange,ROP,conglomerate,,,http://www.wikidata.org/entity/Q16932392,5371800000.0,2022-01-01 00:00:00+00:00
Leidos,Q502132,New York Stock Exchange,LDOS,defense contractor,,,http://www.wikidata.org/entity/Q502132,5330000000.0,2019-01-01 00:00:00+00:00
Airgas,Q80635,New York Stock Exchange,ARG,industrial gas,,,http://www.wikidata.org/entity/Q80635,5314000000.0,2016-01-01 00:00:00+00:00
Embraer,Q105557,New York Stock Exchange,ERJ,weapons industry,,,http://www.wikidata.org/entity/Q105557,5300000000.0,2023-01-01 00:00:00+00:00
Grupo Televisa,Q47099,New York Stock Exchange,TV,television,,,http://www.wikidata.org/entity/Q47099,5300000000.0,2012-01-01 00:00:00+00:00
GameStop,Q202210,New York Stock Exchange,GME,retail,7770000000.0,2022-01-06 00:00:00+00:00,http://www.wikidata.org/entity/Q202210,5272800000.0,2024-02-03 00:00:00+00:00
Booz Allen Hamilton,Q893221,New York Stock Exchange,BAH,consulting company,,,http://www.wikidata.org/entity/Q893221,5140000000.0,2019-01-01 00:00:00+00:00
Mercer,Q1391599,Nasdaq,MERC,risk management,,,http://www.wikidata.org/entity/Q1391599,5021000000.0,2019-01-01 00:00:00+00:00
CME Group,Q1023876,Nasdaq,CME,finance,,,http://www.wikidata.org/entity/Q1023876,5019400000.0,2022-01-01 00:00:00+00:00
First Republic Bank,Q5453752,New York Stock Exchange,FRC,economics of banking,37020000000.0,2021-01-01 00:00:00+00:00,http://www.wikidata.org/entity/Q5453752,5000000000.0,2021-01-01 00:00:00+00:00
Harris Corporation,Q1433308,New York Stock Exchange,,aerospace industry,,,http://www.wikidata.org/entity/Q1433308,4970000000.0,2018-01-01 00:00:00+00:00
AerCap,Q4687934,New York Stock Exchange,AER,financial services,,,http://www.wikidata.org/entity/Q4687934,4937340000.0,2019-01-01 00:00:00+00:00
Hologic,Q5884072,Nasdaq,HOLX,health technology,,,http://www.wikidata.org/entity/Q5884072,4862800000.0,2022-01-01 00:00:00+00:00
Western Union,Q861042,New York Stock Exchange,WU,financial services,,,http://www.wikidata.org/entity/Q861042,4835000000.0,2020-01-01 00:00:00+00:00
Regions Financial Corporation,Q917131,New York Stock Exchange,RF,economics of banking,,,http://www.wikidata.org/entity/Q917131,4786000000.0,2022-01-01 00:00:00+00:00
NCR Corporation,Q524989,New York Stock Exchange,VYX,information and communications technology,,,http://www.wikidata.org/entity/Q524989,4610000000.0,2009-01-01 00:00:00+00:00
Domino's Pizza,Q839466,New York Stock Exchange,DPZ,,,,http://www.wikidata.org/entity/Q839466,4537158000.0,2022-01-01 00:00:00+00:00
Chipotle Mexican Grill,Q465751,New York Stock Exchange,CMG,fast food,,,http://www.wikidata.org/entity/Q465751,4500000000.0,2015-01-01 00:00:00+00:00
Rivian Automotive,Q7338847,Nasdaq,RIVN,automotive industry,15775000000.0,2025-05-01 00:00:00+00:00,http://www.wikidata.org/entity/Q7338847,4486000000.0,2024-01-01 00:00:00+00:00
Zoom Video Communications,Q17460900,Nasdaq,ZM,video conference,,,http://www.wikidata.org/entity/Q17460900,4392960000.0,2022-01-01 00:00:00+00:00
Logitech,Q223127,Nasdaq,LOGI,computer hardware industry,,,http://www.wikidata.org/entity/Q223127,4298467000.0,2024-03-31 00:00:00+00:00
Public Storage,Q1156045,New York Stock Exchange,PSA,self storage,,,http://www.wikidata.org/entity/Q1156045,4182163000.0,2022-01-01 00:00:00+00:00
Las Vegas Sands,Q1506045,New York Stock Exchange,LVS,gambling,,,http://www.wikidata.org/entity/Q1506045,4110000000.0,2022-01-01 00:00:00+00:00
Old Dominion Freight Line,Q7083862,Nasdaq,ODFL,freight transport industry,,,http://www.wikidata.org/entity/Q7083862,4015000000.0,2020-12-31 00:00:00+00:00
Brown-Forman,Q392221,New York Stock Exchange,BF.B,beverage industry,,,http://www.wikidata.org/entity/Q392221,3975000000.0,2024-01-01 00:00:00+00:00
Brink's,Q2902305,New York Stock Exchange,BCO,logistics,4340000000.0,0017-10-10 00:00:00+00:00,http://www.wikidata.org/entity/Q2902305,3942000000.0,2013-01-01 00:00:00+00:00
Sinclair Broadcast Group,Q2288792,Nasdaq,SBGI,telecommunications,,,http://www.wikidata.org/entity/Q2288792,3928000000.0,2022-01-01 00:00:00+00:00
OTE,Q206678,New York Stock Exchange,OTE,telecommunications,,,http://www.wikidata.org/entity/Q206678,3906100000.0,2016-01-01 00:00:00+00:00
Noble Energy,Q2659099,New York Stock Exchange,NBL,petroleum industry,,,http://www.wikidata.org/entity/Q2659099,3901000000.0,2008-01-01 00:00:00+00:00
Stifel,Q7616390,New York Stock Exchange,SF,investment,,,http://www.wikidata.org/entity/Q7616390,3817839000.0,2020-01-01 00:00:00+00:00
Chord Energy Corporation,Q20486949,New York Stock Exchange,WLL,petroleum industry,,,http://www.wikidata.org/entity/Q20486949,3646794000.0,2022-01-01 00:00:00+00:00
Starz Entertainment,Q515869,New York Stock Exchange,LGF,show business,3430000000.0,2022-03-29 00:00:00+00:00,http://www.wikidata.org/entity/Q515869,3604300000.0,2022-01-01 00:00:00+00:00
Skechers,Q2945643,New York Stock Exchange,SKX,clothing industry,,,http://www.wikidata.org/entity/Q2945643,3563311000.0,2016-01-01 00:00:00+00:00
Elbit Systems Ltd.,Q1325369,Nasdaq,ESLT,weapons industry,29085365000.0,2022-11-15 00:00:00+00:00,http://www.wikidata.org/entity/Q1325369,3500000000.0,2018-01-01 00:00:00+00:00
CACI,Q1022711,New York Stock Exchange,CACI,information technology industry,,,http://www.wikidata.org/entity/Q1022711,3490000000.0,2018-01-01 00:00:00+00:00
TFI International,Q7833614,New York Stock Exchange,TFII,logistics,,,http://www.wikidata.org/entity/Q7833614,3484000000.0,2020-01-01 00:00:00+00:00
ServiceNow,Q7455653,New York Stock Exchange,NOW,enterprise software,,,http://www.wikidata.org/entity/Q7455653,3460437000.0,2019-12-31 00:00:00+00:00
NetApp,Q727883,Nasdaq,NTAP,,,,http://www.wikidata.org/entity/Q727883,3406000000.0,2009-01-01 00:00:00+00:00
Take-Two Interactive,Q94933,Nasdaq,TTWO,video game industry,17840000000.0,2022-02-04 00:00:00+00:00,http://www.wikidata.org/entity/Q94933,3372772000.0,2021-03-31 00:00:00+00:00
Citrix Systems,Q916196,Nasdaq,CTXS,technology,,,http://www.wikidata.org/entity/Q916196,3236700000.0,2020-01-01 00:00:00+00:00
Moderna,Q17081612,Nasdaq,MRNA,pharmaceutical industry,9456000000.0,2025-05-08 00:00:00+00:00,http://www.wikidata.org/entity/Q17081612,3236000000.0,2024-01-01 00:00:00+00:00
Shopify,Q7501150,New York Stock Exchange,SHOP,e-commerce,47750000000.0,2022-01-05 00:00:00+00:00,http://www.wikidata.org/entity/Q7501150,3231000000.0,2021-01-01 00:00:00+00:00
Mallinckrodt Pharmaceuticals,Q6744211,New York Stock Exchange,MNK,pharmaceutical industry,,,http://www.wikidata.org/entity/Q6744211,3221600000.0,2017-01-01 00:00:00+00:00
Akamai Technologies,Q415598,Nasdaq,AKAM,web hosting service,18640000000.0,2021-08-23 00:00:00+00:00,http://www.wikidata.org/entity/Q415598,3198149000.0,2020-01-01 00:00:00+00:00
Coinbase,Q16972754,Nasdaq,COIN,Bitcoin,,,http://www.wikidata.org/entity/Q16972754,3194208000.0,2022-01-01 00:00:00+00:00
Six Flags,Q127324768,New York Stock Exchange,FUN,hospitality industry,1613000000.0,2026-02-15 00:00:00+00:00,http://www.wikidata.org/entity/Q127324768,3100289000.0,2025-12-31 00:00:00+00:00
CrowdStrike,Q24890758,Nasdaq,CRWD,computer security,,,http://www.wikidata.org/entity/Q24890758,3060000000.0,2024-01-01 00:00:00+00:00
ITT Corporation,Q582418,New York Stock Exchange,ITT,industrial manufacturing,,,http://www.wikidata.org/entity/Q582418,2988000000.0,2022-01-01 00:00:00+00:00
Avaya,Q212433,New York Stock Exchange,AVYA,mechanical engineering,,,http://www.wikidata.org/entity/Q212433,2970000000.0,2021-01-01 00:00:00+00:00
Palantir Technologies,Q2047336,New York Stock Exchange,PLTR,computer and network surveillance,,,http://www.wikidata.org/entity/Q2047336,2865507000.0,2024-01-01 00:00:00+00:00
Science Applications International Corporation,Q14993631,New York Stock Exchange,SAIC,information technology,,,http://www.wikidata.org/entity/Q14993631,2800000000.0,2018-01-01 00:00:00+00:00
AECOM,Q2825507,New York Stock Exchange,ACM,construction,,,http://www.wikidata.org/entity/Q2825507,2770000000.0,2018-01-01 00:00:00+00:00
Legg Mason,Q1134746,New York Stock Exchange,,financial services,3210000000.0,2017-01-01 00:00:00+00:00,http://www.wikidata.org/entity/Q1134746,2660000000.0,2015-01-01 00:00:00+00:00
Rockwell Collins,Q461210,New York Stock Exchange,COL,aerospace industry,,,http://www.wikidata.org/entity/Q461210,2630000000.0,2018-01-01 00:00:00+00:00
"KBR, Inc.",Q596499,New York Stock Exchange,KBR,,,,http://www.wikidata.org/entity/Q596499,2600000000.0,2018-01-01 00:00:00+00:00
AvalonBay,Q4827537,New York Stock Exchange,AVB,real estate investment trust,,,http://www.wikidata.org/entity/Q4827537,2593446000.0,2022-01-01 00:00:00+00:00
Perspecta Inc.,Q97359908,New York Stock Exchange,PRSP,computer security,,,http://www.wikidata.org/entity/Q97359908,2590000000.0,2018-01-01 00:00:00+00:00
Light & Wonder,Q7433758,Nasdaq,SGMS,gambling industry,,,http://www.wikidata.org/entity/Q7433758,2512000000.0,2022-01-01 00:00:00+00:00
Miniso,Q20732498,New York Stock Exchange,MNSO,retail,,,http://www.wikidata.org/entity/Q20732498,2500000000.0,2018-01-01 00:00:00+00:00
BWX Technologies,Q4836852,New York Stock Exchange,BWXT,,,,http://www.wikidata.org/entity/Q4836852,2496000000.0,2023-01-01 00:00:00+00:00
Gen Digital,Q677085,Nasdaq,SYMC,software industry,,,http://www.wikidata.org/entity/Q677085,2490000000.0,2020-01-01 00:00:00+00:00
Alliant Techsystems,Q238765,New York Stock Exchange,ATK,aerospace industry,,,http://www.wikidata.org/entity/Q238765,2340000000.0,2014-01-01 00:00:00+00:00
URS Corporation,Q847232,New York Stock Exchange,URS,engineering,,,http://www.wikidata.org/entity/Q847232,2310000000.0,2013-01-01 00:00:00+00:00
Bath & Body Works,Q810773,New York Stock Exchange,BBWI,final good,,,http://www.wikidata.org/entity/Q810773,2300000000.0,2006-01-01 00:00:00+00:00
EPAM Systems,Q1275613,New York Stock Exchange,EPAM,outsourcing,,,http://www.wikidata.org/entity/Q1275613,2290000000.0,2019-01-01 00:00:00+00:00
GoDaddy,Q1416215,New York Stock Exchange,GDDY,web hosting service,,,http://www.wikidata.org/entity/Q1416215,2231900000.0,2017-01-01 00:00:00+00:00
GoDaddy,Q1416215,Nasdaq,GDDY,web hosting service,,,http://www.wikidata.org/entity/Q1416215,2231900000.0,2017-01-01 00:00:00+00:00
Exelis Inc.,Q15302718,New York Stock Exchange,,weapons industry,,,http://www.wikidata.org/entity/Q15302718,2230000000.0,2014-01-01 00:00:00+00:00
MoneyGram,Q1944412,Nasdaq,MGI,wire transfer,,,http://www.wikidata.org/entity/Q1944412,2107300000.0,2017-01-01 00:00:00+00:00
Banco de Chile,Q2882085,New York Stock Exchange,BCH,financial services,,,http://www.wikidata.org/entity/Q2882085,2100000000.0,2010-01-01 00:00:00+00:00
Red Hat,Q485593,New York Stock Exchange,RHT,software industry,,,http://www.wikidata.org/entity/Q485593,2052230000.0,2016-01-01 00:00:00+00:00
ATI Technologies,Q213849,Nasdaq,ATYT,semiconductor industry,,,http://www.wikidata.org/entity/Q213849,1996700000.0,2004-01-01 00:00:00+00:00
Oshkosh Corporation,Q1969091,New York Stock Exchange,OSK,automotive industry,,,http://www.wikidata.org/entity/Q1969091,1850000000.0,2018-01-01 00:00:00+00:00
Quiksilver,Q1329463,New York Stock Exchange,ZQK,textile industry,,,http://www.wikidata.org/entity/Q1329463,1810000000.0,2013-01-01 00:00:00+00:00
Autodesk,Q628051,Nasdaq,ADSK,software development,,,http://www.wikidata.org/entity/Q628051,1710000000.0,2010-01-01 00:00:00+00:00
Sabre Corporation,Q4376955,New York Stock Exchange,TSG,,,,http://www.wikidata.org/entity/Q4376955,1688880000.0,2021-12-31 00:00:00+00:00
Sabre Corporation,Q4376955,Nasdaq,SABR,,,,http://www.wikidata.org/entity/Q4376955,1688880000.0,2021-12-31 00:00:00+00:00
Torm PLC,Q694872,Nasdaq,TRMD,shipping line,,,http://www.wikidata.org/entity/Q694872,1559000000.0,2024-01-01 00:00:00+00:00
BEA Systems,Q787324,Nasdaq,BEAS,software development,,,http://www.wikidata.org/entity/Q787324,1535000000.0,2008-01-01 00:00:00+00:00
Bausch & Lomb,Q811857,New York Stock Exchange,BLCO,pharmaceutical industry,,,http://www.wikidata.org/entity/Q811857,1510000000.0,2007-01-01 00:00:00+00:00
Polycom,Q963809,Nasdaq,PLCM,telepresence,,,http://www.wikidata.org/entity/Q963809,1500000000.0,2011-01-01 00:00:00+00:00
Cameco,Q1028449,New York Stock Exchange,CCJ,mining,,,http://www.wikidata.org/entity/Q1028449,1475000000.0,2021-01-01 00:00:00+00:00
Fox Factory,Q282997,Nasdaq,FOXF,automotive industry,,,http://www.wikidata.org/entity/Q282997,1464178000.0,2023-01-01 00:00:00+00:00
Verisign,Q734338,Nasdaq,VRSN,Internet,,,http://www.wikidata.org/entity/Q734338,1424900000.0,2022-01-01 00:00:00+00:00
Jacobs Engineering Group,Q3157622,New York Stock Exchange,J,engineering,,,http://www.wikidata.org/entity/Q3157622,1370000000.0,2018-01-01 00:00:00+00:00
Orbital Sciences Corporation,Q1030096,New York Stock Exchange,ORB,aerospace industry,,,http://www.wikidata.org/entity/Q1030096,1370000000.0,2013-01-01 00:00:00+00:00
Brady Corporation,Q897097,New York Stock Exchange,BRC,industrial manufacturing,,,http://www.wikidata.org/entity/Q897097,1340000000.0,2023-10-31 00:00:00+00:00
Trimble,Q2297063,Nasdaq,TRMB,,,,http://www.wikidata.org/entity/Q2297063,1300000000.0,2008-01-01 00:00:00+00:00
Tupperware,Q1129117,New York Stock Exchange,TUP,direct selling,,,http://www.wikidata.org/entity/Q1129117,1300000000.0,2022-01-01 00:00:00+00:00
Mindray,Q15138136,New York Stock Exchange,MR,,,,http://www.wikidata.org/entity/Q15138136,1300000000.0,2014-01-01 00:00:00+00:00
Teledyne Technologies,Q7696127,New York Stock Exchange,TDY,conglomerate,,,http://www.wikidata.org/entity/Q7696127,1240000000.0,2018-01-01 00:00:00+00:00
Aerojet Rocketdyne Holdings,Q392445,New York Stock Exchange,,,,,http://www.wikidata.org/entity/Q392445,1220000000.0,2018-01-01 00:00:00+00:00
Kaman Corporation,Q1722848,Nasdaq,KAMN,aerospace industry,,,http://www.wikidata.org/entity/Q1722848,1206000000.0,2006-01-01 00:00:00+00:00
Applebee's,Q621532,Nasdaq,APPB,system catering,,,http://www.wikidata.org/entity/Q621532,1200000000.0,2006-01-01 00:00:00+00:00
Kodak,Q486269,New York Stock Exchange,KODK,chemical industry,,,http://www.wikidata.org/entity/Q486269,1117000000.0,2023-01-01 00:00:00+00:00
Markit,Q17103838,Nasdaq,MRKT,financial services,,,http://www.wikidata.org/entity/Q17103838,1113400000.0,2015-01-01 00:00:00+00:00
Overstock.com,Q3301958,Nasdaq,OSTK,retail,31000000.0,2012-01-01 00:00:00+00:00,http://www.wikidata.org/entity/Q3301958,1100000000.0,2012-01-01 00:00:00+00:00
Qualtrics,Q7268803,Nasdaq,XM,,,,http://www.wikidata.org/entity/Q7268803,1080000000.0,2021-01-01 00:00:00+00:00
BlackBerry,Q502121,Nasdaq,BBRY,information technology,6882000000.0,2021-06-26 00:00:00+00:00,http://www.wikidata.org/entity/Q502121,1040000000.0,2020-01-01 00:00:00+00:00
BlackBerry,Q502121,New York Stock Exchange,BB,information technology,6882000000.0,2021-06-26 00:00:00+00:00,http://www.wikidata.org/entity/Q502121,1040000000.0,2020-01-01 00:00:00+00:00
Sotheby's,Q654762,New York Stock Exchange,BID,auction,,,http://www.wikidata.org/entity/Q654762,1035740000.0,2018-12-01 00:00:00+00:00
CAE Inc.,Q180922,New York Stock Exchange,CAE,aerospace engineering,,,http://www.wikidata.org/entity/Q180922,1010000000.0,2018-01-01 00:00:00+00:00
Fortinet,Q2749364,Nasdaq,FTNT,computer security,,,http://www.wikidata.org/entity/Q2749364,1010000000.0,2015-01-01 00:00:00+00:00
DXC Technology,Q28782856,New York Stock Exchange,DXC,quaternary sector of the economy,,,http://www.wikidata.org/entity/Q28782856,1000000000.0,2017-01-01 00:00:00+00:00
International,Q29739,New York Stock Exchange,NAV,automotive industry,,,http://www.wikidata.org/entity/Q29739,1000000000.0,2012-01-01 00:00:00+00:00
Curtiss-Wright,Q1138291,New York Stock Exchange,CW,weapons industry,,,http://www.wikidata.org/entity/Q1138291,970000000.0,2018-01-01 00:00:00+00:00
Groupon,Q852787,Nasdaq,GRPN,e-commerce,,,http://www.wikidata.org/entity/Q852787,967108000.0,2021-01-01 00:00:00+00:00
Novell,Q223407,Nasdaq,NOVL,software industry,,,http://www.wikidata.org/entity/Q223407,956000000.0,2008-01-01 00:00:00+00:00
Ball Corporation,Q4034815,New York Stock Exchange,BLL,mechanical engineering,,,http://www.wikidata.org/entity/Q4034815,930000000.0,2018-01-01 00:00:00+00:00
FEI Company,Q2004423,Nasdaq,FEIC,,,,http://www.wikidata.org/entity/Q2004423,927500000.0,2013-01-01 00:00:00+00:00
Moog Inc.,Q6907265,New York Stock Exchange,,aerospace engineering,,,http://www.wikidata.org/entity/Q6907265,920000000.0,2018-01-01 00:00:00+00:00
Precision Castparts Corp.,Q7239519,New York Stock Exchange,PCP,aerospace engineering,,,http://www.wikidata.org/entity/Q7239519,900000000.0,2017-01-01 00:00:00+00:00
"Tableau Software, Inc.",Q7673435,New York Stock Exchange,DATA,automation,,,http://www.wikidata.org/entity/Q7673435,877000000.0,2017-01-01 00:00:00+00:00
Shutterstock,Q3482689,New York Stock Exchange,SSTK,production music,,,http://www.wikidata.org/entity/Q3482689,875000000.0,2023-01-01 00:00:00+00:00
Viasat,Q7924358,Nasdaq,VSAT,communication,,,http://www.wikidata.org/entity/Q7924358,860000000.0,2018-01-01 00:00:00+00:00
California Water Service Group,Q104845916,New York Stock Exchange,CWT,water supply,,,http://www.wikidata.org/entity/Q104845916,846431000.0,2022-01-01 00:00:00+00:00
Arconic,Q92639564,New York Stock Exchange,ARNC,industrial manufacturing,,,http://www.wikidata.org/entity/Q92639564,840000000.0,2018-01-01 00:00:00+00:00
AAR Corp,Q4649932,New York Stock Exchange,AIR,aerospace industry,,,http://www.wikidata.org/entity/Q4649932,830000000.0,2013-01-01 00:00:00+00:00
Esterline,Q18148411,New York Stock Exchange,ESL,aerospace industry,,,http://www.wikidata.org/entity/Q18148411,800000000.0,2012-01-01 00:00:00+00:00
Triumph Group,Q15507516,New York Stock Exchange,TGI,industrial manufacturing,,,http://www.wikidata.org/entity/Q15507516,770000000.0,2016-01-01 00:00:00+00:00
Birkenstock,Q648458,New York Stock Exchange,BIRK,footwear industry,,,http://www.wikidata.org/entity/Q648458,750000000.0,2022-01-01 00:00:00+00:00
Fiesta Restaurant Group,Q91360366,Nasdaq,FRGI,restaurant,,,http://www.wikidata.org/entity/Q91360366,660943000.0,2019-01-01 00:00:00+00:00
Empire State Realty Trust,Q27146006,New York Stock Exchange,ESRT,,,,http://www.wikidata.org/entity/Q27146006,657634000.0,2015-01-01 00:00:00+00:00
Cloudflare,Q4778915,New York Stock Exchange,NET,information and communications technology,,,http://www.wikidata.org/entity/Q4778915,656426000.0,2021-01-01 00:00:00+00:00
Stratasys,Q3975878,Nasdaq,SSYS,3D printing,1101000000.0,2019-01-01 00:00:00+00:00,http://www.wikidata.org/entity/Q3975878,636080000.0,2019-01-01 00:00:00+00:00
3D Systems,Q4636301,New York Stock Exchange,DDD,computer-aided design,1036000000.0,2019-01-01 00:00:00+00:00,http://www.wikidata.org/entity/Q4636301,629000000.0,2019-01-01 00:00:00+00:00
Manchester United plc,Q27346385,New York Stock Exchange,MANU,sports industry,,,http://www.wikidata.org/entity/Q27346385,627122000.0,2019-01-01 00:00:00+00:00
Rubrik,Q55632076,New York Stock Exchange,RBRK,computer security,,,http://www.wikidata.org/entity/Q55632076,600000000.0,2022-01-01 00:00:00+00:00
National Western Life,Q4045074,Nasdaq,NWLI,insurance industry,,,http://www.wikidata.org/entity/Q4045074,600000000.0,2011-01-01 00:00:00+00:00
Lucid Motors,Q28027517,Nasdaq,LCID,automotive industry,,,http://www.wikidata.org/entity/Q28027517,595000000.0,2023-01-01 00:00:00+00:00
Azenta Life Sciences,Q117169721,Nasdaq,AZTA,biotechnology,,,http://www.wikidata.org/entity/Q117169721,555498000.0,2022-01-01 00:00:00+00:00
Trivago,Q265286,Nasdaq,TRVG,tourism,,,http://www.wikidata.org/entity/Q265286,535004000.0,2022-01-01 00:00:00+00:00
Despegar,Q6216567,New York Stock Exchange,DESP,tourism industry,602938304.0,2020-01-01 00:00:00+00:00,http://www.wikidata.org/entity/Q6216567,524876000.0,2019-01-01 00:00:00+00:00
Zagg,Q8064381,Nasdaq,ZAGG,consumer electronics industry,,,http://www.wikidata.org/entity/Q8064381,521922000.0,2019-01-01 00:00:00+00:00
Extreme Networks,Q2034659,Nasdaq,EXTR,networking hardware,,,http://www.wikidata.org/entity/Q2034659,519500000.0,2014-01-01 00:00:00+00:00
"Roku, Inc.",Q7360089,Nasdaq,ROKU,consumer electronics industry,,,http://www.wikidata.org/entity/Q7360089,512760000.0,2017-01-01 00:00:00+00:00
Yelp,Q2299611,New York Stock Exchange,YELP,information technology,,,http://www.wikidata.org/entity/Q2299611,500000000.0,2014-01-01 00:00:00+00:00
Strategy,Q1192211,Nasdaq,MSTR,analytics,79460000000.0,2025-01-01 00:00:00+00:00,http://www.wikidata.org/entity/Q1192211,477233000.0,2025-01-01 00:00:00+00:00
Ruth's Hospitality Group,Q7382830,Nasdaq,RUTH,restaurant,,,http://www.wikidata.org/entity/Q7382830,468026000.0,2020-01-01 00:00:00+00:00
Potbelly Sandwich Shop,Q7234777,Nasdaq,PBPB,fast casual restaurant,,,http://www.wikidata.org/entity/Q7234777,409707000.0,2019-01-01 00:00:00+00:00
Quantum Corporation,Q1413997,Nasdaq,QMCO,computer storage media,,,http://www.wikidata.org/entity/Q1413997,402680000.0,2019-01-01 00:00:00+00:00
Tidewater,Q7800873,New York Stock Exchange,TDW,water transport,,,http://www.wikidata.org/entity/Q7800873,397040000.0,2020-12-31 00:00:00+00:00
Nature's Sunshine Products,Q4045079,Nasdaq,NATR,food industry,,,http://www.wikidata.org/entity/Q4045079,324705000.0,2015-01-01 00:00:00+00:00
Gulf Island Fabrication,Q24896598,Nasdaq,GIFI,,,,http://www.wikidata.org/entity/Q24896598,303308000.0,2019-01-01 00:00:00+00:00
eToro,Q5324516,Nasdaq,ETOR,information technology,,,http://www.wikidata.org/entity/Q5324516,217000000.0,2025-05-01 00:00:00+00:00
Wix.com,Q420506,Nasdaq,WIX,Internet,,,http://www.wikidata.org/entity/Q420506,203540000.0,2015-01-01 00:00:00+00:00
Audiocodes Ltd.,Q2895117,Nasdaq,AUDC,telecommunications,2195729000.0,2022-11-15 00:00:00+00:00,http://www.wikidata.org/entity/Q2895117,200287000.0,2019-12-31 00:00:00+00:00
Broderbund,Q995863,Nasdaq,BROD,video game industry,,,http://www.wikidata.org/entity/Q995863,172000000.0,1995-08-31 00:00:00+00:00
Matterport,Q107520260,Nasdaq,MTTR,,,,http://www.wikidata.org/entity/Q107520260,157748000.0,2023-12-31 00:00:00+00:00
ZipRecruiter,Q8072594,New York Stock Exchange,ZIP,software industry,,,http://www.wikidata.org/entity/Q8072594,140000000.0,2016-01-01 00:00:00+00:00
Nebius Group,Q47120756,Nasdaq,YNDX,information technology industry,1117004321756.0,2024-02-16 00:00:00+00:00,http://www.wikidata.org/entity/Q47120756,117500000.0,2024-12-31 00:00:00+00:00
Emmis Communications,Q5373589,Nasdaq,EMMS,broadcasting,,,http://www.wikidata.org/entity/Q5373589,114131000.0,2019-01-01 00:00:00+00:00
BioNTech,Q30256699,Nasdaq,BNTX,pharmaceutical industry,,,http://www.wikidata.org/entity/Q30256699,108589000.0,2019-01-01 00:00:00+00:00
Ultralife Corporation,Q17086475,Nasdaq,ULBI,,,,http://www.wikidata.org/entity/Q17086475,106795000.0,2019-01-01 00:00:00+00:00
Opera,Q215639,Nasdaq,OPRA,marketing,,,http://www.wikidata.org/entity/Q215639,99200000.0,2017-01-01 00:00:00+00:00
AutoNavi Holdings Limited,Q51744,Nasdaq,AMAP,,,,http://www.wikidata.org/entity/Q51744,80000000.0,2010-01-01 00:00:00+00:00
Perma-Fix Environmental Services,Q30256497,Nasdaq,PESI,,,,http://www.wikidata.org/entity/Q30256497,73459000.0,2019-01-01 00:00:00+00:00
MannKind Corporation,Q6750663,Nasdaq,MNKD,biotechnology,,,http://www.wikidata.org/entity/Q6750663,63038000.0,2019-01-01 00:00:00+00:00
ExOne,Q96575974,Nasdaq,XONE,industrial manufacturing,,,http://www.wikidata.org/entity/Q96575974,53276000.0,2019-01-01 00:00:00+00:00
Exagen Inc.,Q106435940,Nasdaq,XGN,life sciences,,,http://www.wikidata.org/entity/Q106435940,42000000.0,2020-01-01 00:00:00+00:00
Aphria,Q48814381,New York Stock Exchange,APHA,cannabis industry,,,http://www.wikidata.org/entity/Q48814381,36920000.0,2018-01-01 00:00:00+00:00
Rocky Mountain Chocolate,Q7355878,Nasdaq,RMCF,,,,http://www.wikidata.org/entity/Q7355878,32342579.0,2022-01-01 00:00:00+00:00
Digimarc,Q5275736,Nasdaq,DMRC,,,,http://www.wikidata.org/entity/Q5275736,22987000.0,2019-01-01 00:00:00+00:00
Funko,Q5509271,Nasdaq,FNKO,game industry,,,http://www.wikidata.org/entity/Q5509271,20000000.0,2012-01-01 00:00:00+00:00
Phunware,Q78203110,Nasdaq,PHUN,,,,http://www.wikidata.org/entity/Q78203110,19150000.0,2019-01-01 00:00:00+00:00
CounterPath Corporation,Q5176904,Nasdaq,,,21500000.0,2022-03-05 00:00:00+00:00,http://www.wikidata.org/entity/Q5176904,12100000.0,2020-01-01 00:00:00+00:00
Athersys,Q30284052,Nasdaq,ATHX,,,,http://www.wikidata.org/entity/Q30284052,5633000.0,2019-01-01 00:00:00+00:00
The Children's Place,Q3520257,Nasdaq,PLCE,,,,http://www.wikidata.org/entity/Q3520257,5369936.0,2023-01-01 00:00:00+00:00
Virgin Galactic,Q373225,New York Stock Exchange,SPCE,space tourism,9490000000.0,2021-06-23 00:00:00+00:00,http://www.wikidata.org/entity/Q373225,238000.0,2020-01-01 00:00:00+00:00
Hyundai Motor Company,Q55931,Nasdaq,HYMTF,automotive industry,,,http://www.wikidata.org/entity/Q55931,117.61,2021-01-01 00:00:00+00:00
Nio Inc.,Q29921278,New York Stock Exchange,NIO,automotive industry,,,http://www.wikidata.org/entity/Q29921278,16.258,2020-01-01 00:00:00+00:00
Telefônica Brasil,Q20059505,New York Stock Exchange,VIV,telecommunications,,,http://www.wikidata.org/entity/Q20059505,11.1,2018-01-01 00:00:00+00:00
Nexstar Media Group,Q7020906,Nasdaq,NXST,telecommunications,,,http://www.wikidata.org/entity/Q7020906,4.5,2020-01-01 00:00:00+00:00
Gogoro,Q19880591,Nasdaq,GGR,,,,http://www.wikidata.org/entity/Q19880591,3.5,2023-01-01 00:00:00+00:00
4Kids Entertainment,Q604775,New York Stock Exchange,KDE,,,,http://www.wikidata.org/entity/Q604775,3.31,2012-01-01 00:00:00+00:00
Tegna Inc.,Q20648663,New York Stock Exchange,TGNA,,,,http://www.wikidata.org/entity/Q20648663,2.91,2023-01-01 00:00:00+00:00
USA Today Co.,Q1345971,New York Stock Exchange,GCI,mass media,,,http://www.wikidata.org/entity/Q1345971,2.9,2022-01-01 00:00:00+00:00
E. W. Scripps Company,Q283457,New York Stock Exchange,SSP,broadcast television system,,,http://www.wikidata.org/entity/Q283457,1.42,2019-01-01 00:00:00+00:00
